Duration (in seconds),Participation,Q1,Q2,Q3,Q4,Q5,I6,I7,I8,I9,I10,I11,I12,U6,U7,U8,U9,U10,U11,U12
113,Yes,Female,Some College,Caucasian or White,Other,2,,,,,,,,1.7,1,1,3.5,1,2.7,4.9
115,Yes,Female,Master's Degree,Caucasian or White,Hillary Clinton,4.9,,,,,,,,1,1,2,4.2,2.9,1,4
67,Yes,Female,Some College,Caucasian or White,Donald Trump,3.2,,,,,,,,2.6,3.3,3.5,2.4,3.1,2.7,2.5
98,Yes,Female,High School,Caucasian or White,Did not vote,7,,,,,,,,5.9,2.4,7,2,1.7,1.3,3.8
140,Yes,Male,Bachelor's Degree,Caucasian or White,Hillary Clinton,6,1,1,1,7,7,4,4,,,,,,,
141,Yes,Female,Bachelor's Degree,Caucasian or White,Hillary Clinton,2.8,,,,,,,,1.1,1,3.6,4.4,3,3.1,4.2
74,Yes,Male,High School,Caucasian or White,Other,6,,,,,,,,1,1,1,6.9,7,7,7
162,Yes,Male,Some College,Caucasian or White,Donald Trump,3.9,7,1,7,1,1,1,1,,,,,,,
147,Yes,Female,Bachelor's Degree,Caucasian or White,Hillary Clinton,4,1,1,2,5,6,6,4,,,,,,,
166,Yes,Male,Some College,Hispanic or Latino,Did not vote,2,1,1,1,1,1,1,6,,,,,,,
143,Yes,Female,High School,Caucasian or White,Donald Trump,6.9,5.1,5,5.4,2.5,4.3,5.1,4.1,,,,,,,
47,Yes,Male,Bachelor's Degree,Caucasian or White,Donald Trump,4.2,,,,,,,,4.6,3.8,3.7,3.4,5.5,3.1,5
164,Yes,Male,Some College,Caucasian or White,Donald Trump,7,,,,,,,,6.3,6.4,6.8,1.1,1,1.1,1.9
86,Yes,Male,Bachelor's Degree,Caucasian or White,Other,4.5,,,,,,,,3.6,4,2.6,4.2,4.1,3.8,3.7
180,Yes,Female,Bachelor's Degree,Caucasian or White,Hillary Clinton,4.1,1.1,1,2.3,3.6,4.4,2.3,5.8,,,,,,,
210,Yes,Female,High School,Caucasian or White,Hillary Clinton,5.7,,,,,,,,1.9,3.1,2.2,5.8,6.5,5.2,6.3
154,Yes,Male,Some College,Caucasian or White,Hillary Clinton,1.5,1,1,1,6,7,4,7,,,,,,,
199,Yes,Female,High School,Caucasian or White,Did not vote,6.5,,,,,,,,1,1,1,5.5,5.4,5.5,4.2
192,Yes,Male,High School,Caucasian or White,Did not vote,2.1,7,6.3,7,1,1,1,4.1,,,,,,,
135,Yes,Male,Bachelor's Degree,Caucasian or White,Donald Trump,7,7,7,7,1,1,1,4,,,,,,,
217,Yes,Male,Bachelor's Degree,Caucasian or White,Did not vote,5.1,,,,,,,,1,7,1,5.5,4.4,3.5,2.5
104,Yes,Female,Bachelor's Degree,Caucasian or White,Hillary Clinton,6,2,1.1,1.1,3.2,3.1,3.3,7,,,,,,,
105,Yes,Female,High School,Caucasian or White,Hillary Clinton,7,1,1,1,7,7,7,7,,,,,,,
102,Yes,Female,Bachelor's Degree,Caucasian or White,Hillary Clinton,6.7,1.1,1.1,1.1,6.9,6.9,6.8,7,,,,,,,
239,Yes,Male,Master's Degree,Caucasian or White,Donald Trump,6,7,2.9,1.4,1.3,1.6,1.1,6.1,,,,,,,
147,Yes,Female,Bachelor's Degree,Caucasian or White,Did not vote,5,1,1,1,2,1,1,4,,,,,,,
61,Yes,Male,Bachelor's Degree,Caucasian or White,Donald Trump,5,3.9,4.3,5.2,2.6,4.5,4.3,2.9,,,,,,,
97,Yes,Male,Bachelor's Degree,Caucasian or White,Other,4.5,1.8,1.4,3.6,5,4.6,4.4,4,,,,,,,
231,Yes,Female,Master's Degree,Hispanic or Latino,Donald Trump,7,,,,,,,,7,7,7,1,1,1,7
236,Yes,Male,High School,Caucasian or White,Donald Trump,4,,,,,,,,1,4,7,1,1,1,6
183,Yes,Male,Some College,Caucasian or White,Did not vote,7,7,5.9,7,1,1,1,1.9,,,,,,,
188,Yes,Male,High School,Caucasian or White,Other,4.6,,,,,,,,2.3,6,4.4,1.6,1,1,5.2
128,Yes,Female,Some College,Caucasian or White,Donald Trump,6.1,,,,,,,,5.9,5.3,6.2,1,1,1,1.9
258,Yes,Female,Bachelor's Degree,Caucasian or White,Hillary Clinton,1.1,1,1,3.2,1.8,3.9,1.4,4,,,,,,,
100,Yes,Female,Bachelor's Degree,Asian,Donald Trump,4.5,3.7,3.5,5.5,4.9,5.2,5.4,4.7,,,,,,,
109,Yes,Male,Bachelor's Degree,Caucasian or White,Hillary Clinton,4,,,,,,,,1,1,1,5,7,6,5
160,Yes,Male,Bachelor's Degree,Caucasian or White,Hillary Clinton,1.9,,,,,,,,1,1,1.2,3.8,3.8,3.8,6
295,Yes,Male,Some College,Hispanic or Latino,Hillary Clinton,7,,,,,,,,1,1,1,7,7,7,7
287,Yes,Male,Bachelor's Degree,Asian,Did not vote,7,,,,,,,,3.9,3.9,5.8,1.2,1.5,1.3,4
80,Yes,Male,Some College,African American or Black,Donald Trump,4.1,3.9,4.2,6.1,6.4,5.7,6.4,4.5,,,,,,,
112,Yes,Male,Some College,Caucasian or White,Other,5.5,,,,,,,,2.1,1.4,4.5,2.4,3,1.5,4.2
116,Yes,Female,Bachelor's Degree,Caucasian or White,Donald Trump,6.9,6.9,6.5,4,1.1,1.1,1.1,5.1,,,,,,,
203,Yes,Male,Master's Degree,Caucasian or White,Hillary Clinton,7,,,,,,,,3.8,1.7,3.7,5.4,5.4,7,6.3
123,Yes,Female,Some College,Caucasian or White,Hillary Clinton,6.6,,,,,,,,1,1,1,7,7,7,4
166,Yes,Male,Some College,Hispanic or Latino,Other,6.5,1.8,1.4,1.5,6,5.7,3.7,4.1,,,,,,,
116,Yes,Female,Master's Degree,Caucasian or White,Donald Trump,1.7,,,,,,,,2.2,1.2,3.2,1.9,1.8,1.5,3
303,Yes,Male,Some College,Caucasian or White,Did not vote,4.9,1,1,1,6.5,7,5.8,4,,,,,,,
143,Yes,Female,Master's Degree,Caucasian or White,Donald Trump,6,,,,,,,,6.8,5.5,5.8,1,1,1,2.9
95,Yes,Male,Some College,Caucasian or White,Hillary Clinton,5.7,2.9,3.4,3.5,5,5.2,4.7,4.3,,,,,,,
176,Yes,Male,Bachelor's Degree,Caucasian or White,Donald Trump,7,7,7,7,1,1,1,1,,,,,,,
324,Yes,Female,Bachelor's Degree,African American or Black,Donald Trump,4.8,,,,,,,,5.4,6.7,6.1,3.3,4.7,3.1,4
122,Yes,Male,Bachelor's Degree,Caucasian or White,Did not vote,4,4.4,4,4.8,4,4.2,3.5,4,,,,,,,
153,Yes,Male,High School,Caucasian or White,Hillary Clinton,2,1,1,4,1.5,1,1,3,,,,,,,
101,Yes,Male,Master's Degree,Caucasian or White,Hillary Clinton,6.1,1,1,1,6.5,6.5,6.5,6.4,,,,,,,
123,Yes,Female,Some College,Caucasian or White,Donald Trump,6,6,2,4.1,1.1,1.1,1.1,4.9,,,,,,,
173,Yes,Male,Some College,Caucasian or White,Hillary Clinton,5.4,1,1,2,7,7,2,6.5,,,,,,,
119,Yes,Male,Master's Degree,Caucasian or White,Hillary Clinton,4.1,,,,,,,,1.4,1,1.8,6.2,4.8,4.6,4.1
204,Yes,Male,Bachelor's Degree,Caucasian or White,Hillary Clinton,5.5,1,1,1,7,7,6.3,4,,,,,,,
148,Yes,Female,Some College,Caucasian or White,Did not vote,5.3,1,1,1,3.1,2.3,2.3,4,,,,,,,
111,Yes,Female,Bachelor's Degree,Native American or American Indian,Donald Trump,6.3,,,,,,,,5.8,6.7,6.5,6.5,6.2,6.2,4.9
289,Yes,Female,High School,Other,Donald Trump,5,,,,,,,,5,2,2.1,4.9,5,1.5,6.4
151,Yes,Female,Some College,Hispanic or Latino,Hillary Clinton,7,1,1,1,7,7,7,7,,,,,,,
178,Yes,Male,Master's Degree,Hispanic or Latino,Donald Trump,7,,,,,,,,6.2,6.8,6.3,6.3,6.5,6.4,5.6
152,Yes,Female,Some College,Caucasian or White,Did not vote,5.8,,,,,,,,1,1,1,6.1,6.1,6.2,6.6
169,Yes,Female,Some College,Caucasian or White,Did not vote,5,,,,,,,,1.5,1,1.5,1.5,1.5,1,4
154,Yes,Male,Bachelor's Degree,Caucasian or White,Donald Trump,4.1,,,,,,,,3.6,4.2,3.9,3.6,3.8,4.4,3.7
360,Yes,Male,Some College,Hispanic or Latino,Hillary Clinton,7,,,,,,,,1,1,1.1,7,7,7,7
387,Yes,Female,Some College,Caucasian or White,Other,5.5,5,1,1.5,1.5,1.5,1,6.5,,,,,,,
235,Yes,Female,Master's Degree,Caucasian or White,Donald Trump,3.1,4.2,4.2,4.3,5.8,2.8,3.4,3.1,,,,,,,
257,Yes,Male,Master's Degree,Caucasian or White,Hillary Clinton,4.1,,,,,,,,3.4,4.5,3.6,3.9,2.6,5.6,5.3
132,Yes,Male,Master's Degree,African American or Black,Donald Trump,5.8,5.4,5.2,6.2,5.3,5.4,5.1,6,,,,,,,
156,Yes,Female,Bachelor's Degree,Caucasian or White,Hillary Clinton,2.4,1,1,1,6.6,5.5,4.2,6.2,,,,,,,
193,Yes,Male,Some College,Caucasian or White,Donald Trump,6.1,,,,,,,,4.4,6,6.3,1,1,1,3
251,Yes,Female,Bachelor's Degree,Caucasian or White,Did not vote,5.1,,,,,,,,2.1,1,1.2,1.7,1.7,1,2.3
242,Yes,Female,Bachelor's Degree,Caucasian or White,Donald Trump,6.1,,,,,,,,5.7,6.4,6.3,6.5,5.2,5.7,6.1
186,Yes,Female,Bachelor's Degree,Caucasian or White,Hillary Clinton,5.5,1,1,1,5.5,5.5,1,6,,,,,,,
97,Yes,Male,Bachelor's Degree,Caucasian or White,Donald Trump,3.5,,,,,,,,4.1,4.1,4.1,4.3,4.6,4.4,3.8
312,Yes,Female,Bachelor's Degree,Caucasian or White,Donald Trump,5.4,,,,,,,,6.1,5.7,5.6,5.8,5.7,5.2,6
65,Yes,Female,High School,Asian,Hillary Clinton,4.1,4.9,3.2,3.1,3.2,3.7,5,4.6,,,,,,,
154,Yes,Female,Some College,Caucasian or White,Hillary Clinton,5,,,,,,,,1,1,1,7,7,5,7
68,Yes,Female,Some College,Caucasian or White,Hillary Clinton,5.5,1,1,1,6.5,5.7,6.5,5,,,,,,,
118,Yes,Male,Bachelor's Degree,Caucasian or White,Hillary Clinton,7,2.8,3.3,3,2.4,2.9,2.9,3.9,,,,,,,
222,Yes,Female,Some College,Caucasian or White,Hillary Clinton,4.1,,,,,,,,1,1,1.3,5.2,2.8,2.3,6.1
141,Yes,Male,Some College,Caucasian or White,Hillary Clinton,3.9,,,,,,,,1,1,1.1,5.5,4.3,4.6,6.5
141,Yes,Male,Bachelor's Degree,Caucasian or White,Donald Trump,6,,,,,,,,6.1,5,6.4,1.7,1.1,1.2,3
239,Yes,Male,High School,Caucasian or White,Did not vote,6.1,,,,,,,,7,4,7,5,4.5,1,4
216,Yes,Female,Bachelor's Degree,Caucasian or White,Hillary Clinton,4.1,,,,,,,,2.5,1,3,2.9,2.4,1,1.8
145,Yes,Male,Bachelor's Degree,Caucasian or White,Other,7,1,1,1,7,7,7,5.1,,,,,,,
205,Yes,Female,Some College,Caucasian or White,Donald Trump,6.9,7,5,6.1,1,1,1,1.1,,,,,,,
356,Yes,Female,Master's Degree,Caucasian or White,Donald Trump,6,5.2,4.9,5.5,3.6,2.8,3.9,5.1,,,,,,,
138,Yes,Female,Some College,African American or Black,Hillary Clinton,4.7,,,,,,,,5,4.1,4.2,4.4,4.1,4.5,4.8
286,Yes,Male,Some College,Caucasian or White,Other,7,,,,,,,,7,4,7,1,1,1,4
181,Yes,Male,Bachelor's Degree,African American or Black,Donald Trump,6.5,6.6,6.3,6.8,4.7,5.1,6.3,7,,,,,,,
210,Yes,Female,Some College,Caucasian or White,Other,4,4,1,4,3,2.9,4.7,5.8,,,,,,,
139,Yes,Female,Some College,Asian,Hillary Clinton,5.9,,,,,,,,1,1,1,7,7,5.9,6.7
228,Yes,Male,Some College,Caucasian or White,Other,3,1,1,1,7,5,4.9,4.1,,,,,,,
86,Yes,Male,Bachelor's Degree,Caucasian or White,Donald Trump,5.1,4.6,4.9,4.3,4.7,3.9,5.5,5.7,,,,,,,
423,Yes,Male,Master's Degree,Caucasian or White,Donald Trump,5.1,,,,,,,,6.5,5.2,2.3,1.7,1.2,1.4,3.7
220,Yes,Female,Bachelor's Degree,Caucasian or White,Hillary Clinton,4.1,,,,,,,,4.1,3.3,5.2,3.9,3.8,2.6,3.5
159,Yes,Male,Master's Degree,Hispanic or Latino,Donald Trump,6.1,6.4,6.2,6.3,6.4,6.1,6.2,6.3,,,,,,,
136,Yes,Male,Bachelor's Degree,Caucasian or White,Hillary Clinton,7,1,1,1,6.2,4.7,2.9,7,,,,,,,
102,Yes,Male,Bachelor's Degree,Caucasian or White,Hillary Clinton,7,,,,,,,,1,1,1,7,7,7,6
84,Yes,Female,Some College,Asian,Hillary Clinton,5.4,1,1,1,5.8,3.8,2,5.4,,,,,,,
223,Yes,Female,Bachelor's Degree,Caucasian or White,Hillary Clinton,5,,,,,,,,1,1,1.5,3,2.5,1,5.5
137,Yes,Female,Bachelor's Degree,Caucasian or White,Hillary Clinton,6.3,5.1,5.2,7,1.1,1.1,1,3.5,,,,,,,
153,Yes,Female,Some College,Caucasian or White,Donald Trump,7,7,7,7,1,1,1,4,,,,,,,
145,Yes,Female,High School,Caucasian or White,Did not vote,6.1,1,1,1,7,7,7,5.1,,,,,,,
179,Yes,Male,Bachelor's Degree,Caucasian or White,Hillary Clinton,3,,,,,,,,1,1,4,5,4,2,6
101,Yes,Male,Master's Degree,African American or Black,Donald Trump,5.8,5.6,5.9,5.8,5,6.5,5.7,5.7,,,,,,,
207,Yes,Female,Doctoral Degree or Equivalent,Caucasian or White,Donald Trump,7,7,4.8,7,1.1,1.1,1.1,3.4,,,,,,,
119,Yes,Male,Some College,Other,Hillary Clinton,5.1,1,1,1.1,5,4.2,4.2,5.5,,,,,,,
185,Yes,Female,Some College,Caucasian or White,Other,6.1,,,,,,,,1,1,1,4.5,4.8,3.6,6.2
118,Yes,Male,Bachelor's Degree,Asian,Hillary Clinton,2.9,1.8,4.3,4.8,3.6,2.6,1.8,6.2,,,,,,,
286,Yes,Female,Some College,Caucasian or White,Hillary Clinton,6.6,,,,,,,,5,1.3,5.1,1.1,1.4,1.1,1.9
175,Yes,Female,High School,African American or Black,Hillary Clinton,4.7,,,,,,,,1.1,1,1.1,5.5,1.3,4.5,4.4
171,Yes,Male,Some College,Hispanic or Latino,Donald Trump,3,,,,,,,,6,3,2,2,3,1,5
203,Yes,Female,Some College,African American or Black,Hillary Clinton,4.2,,,,,,,,1.6,1,1.8,4.4,2.9,4.7,5
326,Yes,Female,High School,Caucasian or White,Donald Trump,5.7,,,,,,,,5.3,6.4,6.1,2.8,6.9,4.9,6
259,Yes,Female,High School,Caucasian or White,Hillary Clinton,6,,,,,,,,7,7,7,1.1,1.1,1.1,4
434,Yes,Male,Some College,Caucasian or White,Other,4,,,,,,,,4.8,2,6.5,2.5,1,1,4
245,Yes,Female,Some College,Caucasian or White,Donald Trump,7,,,,,,,,7,2,7,1,1,1,2
174,Yes,Male,Bachelor's Degree,Caucasian or White,Did not vote,3,1.1,1.1,1.1,1.9,1.1,1.1,4,,,,,,,
178,Yes,Male,Bachelor's Degree,Caucasian or White,Did not vote,2.8,,,,,,,,1,1,1,2.2,3.7,1,5.1
194,Yes,Male,Bachelor's Degree,Caucasian or White,Hillary Clinton,5.5,,,,,,,,7,4.5,4,1,1,1,1
354,Yes,Male,Master's Degree,Asian,Did not vote,7,,,,,,,,1,1,1,6,4,6,4
125,Yes,Male,Bachelor's Degree,Caucasian or White,Hillary Clinton,2.1,1,1.9,2,7,6.1,5.8,4,,,,,,,
234,Yes,Male,Bachelor's Degree,Caucasian or White,Other,6.6,,,,,,,,1,1,1,4,4.1,4,7
249,Yes,Male,Some College,Caucasian or White,Hillary Clinton,5,1,1,2,6,4,3,6,,,,,,,
89,Yes,Female,Some College,Caucasian or White,Hillary Clinton,4.2,1.7,1.1,3.7,4.6,4.6,4.2,6,,,,,,,
135,Yes,Male,Bachelor's Degree,Caucasian or White,Donald Trump,5.5,6,5,4.6,1.5,5,2.3,4,,,,,,,
254,Yes,Female,High School,Caucasian or White,Donald Trump,7,7,1,7,1,1,1,1,,,,,,,
161,Yes,Female,High School,Caucasian or White,Other,7,,,,,,,,7,7,7,3.9,4.7,2.8,4
182,Yes,Male,Some College,Caucasian or White,Other,3,1,1,1,2.9,1.9,2.1,4.6,,,,,,,
212,Yes,Female,Some College,Caucasian or White,Hillary Clinton,6.6,,,,,,,,1,1,2,7,6.1,6,6.1
156,Yes,Male,Bachelor's Degree,Hispanic or Latino,Did not vote,7,1,1,1.4,7,7,5,3.8,,,,,,,
147,Yes,Female,Bachelor's Degree,Caucasian or White,Donald Trump,5,,,,,,,,2,1,5.5,1,1,1,2.5
197,Yes,Male,Bachelor's Degree,Caucasian or White,Donald Trump,5.2,1,1,3.2,1,1,1,5.2,,,,,,,
169,Yes,Male,Bachelor's Degree,Caucasian or White,Did not vote,1.5,,,,,,,,2.5,1.1,4.5,2,1.1,1.1,1.1
118,Yes,Male,Some College,Caucasian or White,Did not vote,4.1,1.6,1.5,1.9,1.3,1.7,1.2,2.1,,,,,,,
446,Yes,Female,High School,Caucasian or White,Donald Trump,6.1,,,,,,,,6.7,1.2,6.1,1.8,1.9,6.5,6
169,Yes,Female,Some College,Caucasian or White,Donald Trump,7,7,7,6.5,1,1,1,3,,,,,,,
262,Yes,Male,Master's Degree,Caucasian or White,Donald Trump,7,,,,,,,,7,1.1,6.9,1,3,1,2
79,Yes,Male,Bachelor's Degree,Caucasian or White,Donald Trump,4.7,,,,,,,,6.2,2,3.6,3.4,3.3,4.6,3
127,Yes,Male,Bachelor's Degree,African American or Black,Hillary Clinton,4,,,,,,,,1,1,1,4,1,1,4
179,Yes,Female,Bachelor's Degree,Caucasian or White,Hillary Clinton,4.2,,,,,,,,1.4,1.4,1.7,1.6,2.3,1.7,4
172,Yes,Male,Some College,Caucasian or White,Hillary Clinton,5.1,,,,,,,,1,1,1,2.5,2.5,1.5,6.1
387,Yes,Male,High School,Caucasian or White,Did not vote,5.1,,,,,,,,7,4,4.6,1.6,2.8,2,4
299,Yes,Male,Some College,Caucasian or White,Donald Trump,5.1,,,,,,,,5,4.2,4.7,1,1,1,4.3
140,Yes,Female,Some College,Caucasian or White,Did not vote,5.8,,,,,,,,4.1,3.5,3.5,2.6,3.5,6.8,4.8
97,Yes,Male,Some College,Caucasian or White,Hillary Clinton,5,2.1,1.7,4.3,2.5,3.2,1.7,4,,,,,,,
199,Yes,Female,High School,Caucasian or White,Hillary Clinton,5.1,,,,,,,,1,1,1,2.2,2.1,2.1,5.6
175,Yes,Female,High School,Caucasian or White,Did not vote,5.1,7,1,3.1,2.9,4,1.8,4,,,,,,,
211,Yes,Female,Some College,Hispanic or Latino,Other,7,,,,,,,,1.1,1.1,1.3,5.8,5.3,2.7,7
232,Yes,Female,Doctoral Degree or Equivalent,Asian,Did not vote,7,,,,,,,,1,1,3.3,1.1,2.7,1.2,4
608,Yes,Male,Bachelor's Degree,Caucasian or White,Hillary Clinton,5,3,2.4,2.9,2.7,2.2,5.3,3.5,,,,,,,
322,Yes,Female,Bachelor's Degree,Caucasian or White,Hillary Clinton,4.4,,,,,,,,1,1,1,4.4,7,3.8,7
187,Yes,Female,Bachelor's Degree,Caucasian or White,Donald Trump,7,7,4,5,1,1,1,4,,,,,,,
431,Yes,Male,High School,African American or Black,Did not vote,4.1,3.8,3.2,3.3,3.8,4.1,4.2,4.2,,,,,,,
158,Yes,Male,Bachelor's Degree,Caucasian or White,Hillary Clinton,3.5,,,,,,,,1,1,1.5,5.5,3.8,4,4
235,Yes,Male,High School,Caucasian or White,Did not vote,5.5,6,4,6,1.3,1.1,1.3,3,,,,,,,
295,Yes,Female,High School,Caucasian or White,Donald Trump,4.6,,,,,,,,5,4.4,4.8,3.9,3.8,4.7,3.4
326,Yes,Male,Bachelor's Degree,Asian,Hillary Clinton,5,4.7,1.1,5.1,3.6,1.5,1.2,4.2,,,,,,,
122,Yes,Female,Master's Degree,Caucasian or White,Donald Trump,5,4.6,4,5,2,2,2,4,,,,,,,
175,Yes,Female,Master's Degree,Caucasian or White,Donald Trump,6.1,,,,,,,,7,4.5,7,1,1.1,1,5.2
136,Yes,Female,Bachelor's Degree,Caucasian or White,Donald Trump,6.5,,,,,,,,7,7,6.5,1,1,1,1.5
445,Yes,Male,Some College,Caucasian or White,Donald Trump,7,,,,,,,,7,7,7,1.1,1.1,1,4.1
111,Yes,Male,Master's Degree,Caucasian or White,Donald Trump,7,,,,,,,,5.4,6.2,5,4.7,3.8,6,5.3
186,Yes,Male,Master's Degree,Caucasian or White,Hillary Clinton,5,1.4,1.2,2.2,4.5,3.9,3,4,,,,,,,
692,Yes,Male,Bachelor's Degree,Asian,Donald Trump,4,3.5,1.5,5.5,2,2,1.5,4,,,,,,,
142,Yes,Male,Bachelor's Degree,Caucasian or White,Donald Trump,4.3,4.8,4.1,4.4,5.8,5.1,4.6,5.4,,,,,,,
411,Yes,Female,Bachelor's Degree,Caucasian or White,Donald Trump,6.5,6.7,6.2,5.7,6.4,5.9,6.1,6.1,,,,,,,
214,Yes,Male,Bachelor's Degree,Caucasian or White,Donald Trump,7,7,4,7,1,1,1,4,,,,,,,
146,Yes,Male,Master's Degree,Caucasian or White,Donald Trump,5.5,,,,,,,,3,1,7,3,3,1,5
192,Yes,Male,Master's Degree,Caucasian or White,Hillary Clinton,5,,,,,,,,1.1,6.9,1.1,3.9,1.1,2.6,6.5
208,Yes,Female,Master's Degree,Caucasian or White,Did not vote,5.5,,,,,,,,1,1,1,6,4,4,6
166,Yes,Male,Master's Degree,Caucasian or White,Donald Trump,5.7,,,,,,,,5.5,5.1,6.1,5.4,5,5.5,5.7
227,Yes,Female,Master's Degree,Caucasian or White,Hillary Clinton,7,,,,,,,,1,1,1,7,7,6,7
174,Yes,Male,Doctoral Degree or Equivalent,Caucasian or White,Hillary Clinton,6,,,,,,,,1,1,1,6,4,2,4.1
554,Yes,Female,High School,Caucasian or White,Hillary Clinton,3.9,,,,,,,,6.2,4.6,4.8,5.6,5.4,4,5.2
160,Yes,Male,Some College,Hispanic or Latino,Hillary Clinton,7,1,1,1,3.8,3.8,1,4,,,,,,,
154,Yes,Male,Some College,Caucasian or White,Donald Trump,6.8,,,,,,,,6.3,6.5,5.3,7,1.2,1.1,4.9
276,Yes,Male,High School,Caucasian or White,Did not vote,3,,,,,,,,1.1,1.1,1.9,2.9,6.2,1.6,5.1
283,Yes,Male,Some College,Caucasian or White,Hillary Clinton,4,1,1,2,5,4,2,4,,,,,,,
177,Yes,Male,Bachelor's Degree,Caucasian or White,Hillary Clinton,5,,,,,,,,6,5,6,1.9,1.2,1.2,4
169,Yes,Female,Bachelor's Degree,Caucasian or White,Hillary Clinton,6,,,,,,,,1,1,1,6,6,1,6.5
254,Yes,Male,Master's Degree,Caucasian or White,Hillary Clinton,7,,,,,,,,1,1.1,4,4.1,6,1.1,4
94,Yes,Female,Some College,Caucasian or White,Hillary Clinton,5.5,,,,,,,,1,1,2,5,4.9,5.4,5.8
156,Yes,Female,Some College,Caucasian or White,Donald Trump,6.8,5,6.1,7,1,1,1,4,,,,,,,
158,Yes,Female,Some College,Caucasian or White,Hillary Clinton,6.9,1,1,1,6.8,7,1,6.4,,,,,,,
263,Yes,Male,Master's Degree,Caucasian or White,Hillary Clinton,4.8,,,,,,,,1.9,1.9,4.9,3.8,2.7,1.9,4
159,Yes,Male,Bachelor's Degree,Hispanic or Latino,Hillary Clinton,3.5,3.2,3.2,2,6,5,2,4,,,,,,,
162,Yes,Male,Bachelor's Degree,Caucasian or White,Other,5.5,3.5,3,6,1.5,1,1,5,,,,,,,
120,Yes,Male,Bachelor's Degree,Caucasian or White,Donald Trump,6.8,,,,,,,,5.1,4.7,6.2,6,5.9,5.5,5.8
248,Yes,Female,Doctoral Degree or Equivalent,Caucasian or White,Hillary Clinton,4,,,,,,,,1,1,1.9,3,2.9,2.9,7
170,Yes,Male,Doctoral Degree or Equivalent,Native American or American Indian,Donald Trump,5.1,,,,,,,,3.5,4.5,5.1,5.2,5.2,4.4,4
142,Yes,Female,Bachelor's Degree,Caucasian or White,Did not vote,7,,,,,,,,4.9,1.1,7,1.1,1.1,1.1,1.1
164,Yes,Female,Some College,Caucasian or White,Hillary Clinton,4,1,1,1,3,6,3,4,,,,,,,
421,Yes,Female,Bachelor's Degree,Caucasian or White,Donald Trump,4.7,,,,,,,,4.4,3.4,3.3,3,3.2,2.4,3.8
162,Yes,Male,Bachelor's Degree,Asian,Donald Trump,5.7,,,,,,,,5.3,5.2,4.5,4.4,4,5.1,5.4
174,Yes,Male,Bachelor's Degree,Caucasian or White,Did not vote,4.5,2.6,2.2,4.5,1.1,1.3,1,4,,,,,,,
220,Yes,Female,Bachelor's Degree,Caucasian or White,Hillary Clinton,4,,,,,,,,1,1,1,7,7,7,4
258,Yes,Female,Some College,Caucasian or White,Donald Trump,4.1,1,1,3.6,1,1,1,1,,,,,,,
187,Yes,Male,Bachelor's Degree,Asian,Hillary Clinton,7,1,1,1,7,7,7,7,,,,,,,
158,Yes,Male,Bachelor's Degree,Asian,Did not vote,4,,,,,,,,1,5,4,5,4,4.5,4
194,Yes,Male,Bachelor's Degree,Asian,Hillary Clinton,5,2,1,3.5,4,4,2,4,,,,,,,
139,Yes,Male,Bachelor's Degree,Hispanic or Latino,Hillary Clinton,2,,,,,,,,1.8,1.4,1.9,6.1,5.1,3.5,4
470,Yes,Male,Bachelor's Degree,Hispanic or Latino,Donald Trump,1.9,,,,,,,,7,7,7,1,1,1,5.1
159,Yes,Male,Bachelor's Degree,Caucasian or White,Donald Trump,7,,,,,,,,7,2.2,7,1.1,1.1,1.1,2.4
101,Yes,Female,Some College,Hispanic or Latino,Hillary Clinton,7,,,,,,,,1,1,1,6.2,5.9,6,3.9
160,Yes,Male,Some College,African American or Black,Other,5.5,5.1,2.1,1.8,1.9,1.6,1,5.8,,,,,,,
176,Yes,Male,Master's Degree,Caucasian or White,Hillary Clinton,3.1,1,1,1.5,2,2,1.5,4,,,,,,,
177,Yes,Male,Some College,Caucasian or White,Did not vote,1.1,1.1,1.1,1.1,6,6,3,6,,,,,,,
242,Yes,Female,Some College,Caucasian or White,Donald Trump,7,,,,,,,,7,1,4,1,1,1,3
150,Yes,Female,Bachelor's Degree,Caucasian or White,Other,5.5,2.3,2.3,4.2,4.7,4.8,4.9,4.5,,,,,,,
292,Yes,Male,Bachelor's Degree,Caucasian or White,Donald Trump,5.1,3.5,4.7,5.3,3.2,3,4.9,5.1,,,,,,,
162,Yes,Male,Bachelor's Degree,Caucasian or White,Hillary Clinton,4.6,,,,,,,,1,1,1,5.9,6,4.1,4.6
266,Yes,Female,Some College,Hispanic or Latino,Did not vote,6,,,,,,,,2,1,1,5,3,1,5
490,Yes,Male,Bachelor's Degree,Caucasian or White,Hillary Clinton,4.6,2,1,2,2.6,5.1,5.2,5.6,,,,,,,
144,Yes,Male,Bachelor's Degree,Caucasian or White,Donald Trump,4,5,4,6,1,1,1,4,,,,,,,
183,Yes,Male,Master's Degree,Caucasian or White,Donald Trump,6.7,,,,,,,,6.8,6.5,6.6,6.7,6.3,6.8,6.8
195,Yes,Female,Bachelor's Degree,Caucasian or White,Donald Trump,5.6,6.3,1,7,1,1,1,3,,,,,,,
408,Yes,Male,Bachelor's Degree,Caucasian or White,Hillary Clinton,5,,,,,,,,1,1,1,6,5.5,2.5,7
100,Yes,Male,Doctoral Degree or Equivalent,Caucasian or White,Donald Trump,5.8,,,,,,,,5.1,5.8,6.2,1.4,1.3,1.1,3.8
195,Yes,Female,Bachelor's Degree,Caucasian or White,Other,2,,,,,,,,1,1,6.2,1,1,1,4
110,Yes,Female,High School,Hispanic or Latino,Donald Trump,7,,,,,,,,7,7,7,1.1,1.1,1.1,3
231,Yes,Female,Some College,Caucasian or White,Donald Trump,6.7,7,5,6.8,1,1,1,1,,,,,,,
225,Yes,Female,Some College,Caucasian or White,Donald Trump,7,7,1,7,1,1,1,4,,,,,,,
79,Yes,Male,Bachelor's Degree,Caucasian or White,Hillary Clinton,4.2,,,,,,,,3.6,4.9,4.9,4.4,3.5,4.7,5.5
232,Yes,Female,Doctoral Degree or Equivalent,Caucasian or White,Donald Trump,6.1,6.1,1.1,6.8,1.1,1.1,1.1,7,,,,,,,
292,Yes,Female,Bachelor's Degree,Caucasian or White,Hillary Clinton,2,1,1,1,5,2,3,2,,,,,,,
177,Yes,Female,High School,Caucasian or White,Donald Trump,6.2,,,,,,,,6.4,6.2,6.9,1.3,2,1,3.2
208,Yes,Female,Master's Degree,Caucasian or White,Donald Trump,7,,,,,,,,7,7,6.2,1,1.1,1,3.4
162,Yes,Male,High School,Hispanic or Latino,Did not vote,5.6,,,,,,,,6.1,1,5.7,1,1,1,4
215,Yes,Male,Some College,Caucasian or White,Donald Trump,7,4,3,7,1,1,1,4,,,,,,,
197,Yes,Male,High School,Caucasian or White,Hillary Clinton,7,1,1,1,7,7,7,7,,,,,,,
206,Yes,Female,Some College,Caucasian or White,Did not vote,7,,,,,,,,6,1,5,1.1,1.1,1.1,4
244,Yes,Female,Master's Degree,Caucasian or White,Hillary Clinton,6.1,1,1,1,5.9,4,4,6.4,,,,,,,
203,Yes,Female,Bachelor's Degree,African American or Black,Other,5.5,1,1,1,4,4,5,1,,,,,,,
57,Yes,Female,Some College,African American or Black,Donald Trump,4.5,4.5,4.4,4.4,3.9,4.6,5.5,5.8,,,,,,,
302,Yes,Male,Bachelor's Degree,Caucasian or White,Hillary Clinton,2.6,1,1,4,4.5,4.5,1.5,4,,,,,,,
148,Yes,Female,Bachelor's Degree,Caucasian or White,Hillary Clinton,5.1,1.3,1.6,1.6,5,4,4.7,6.6,,,,,,,
293,Yes,Female,Master's Degree,Caucasian or White,Hillary Clinton,7,,,,,,,,1,1,1,7,7,7,7
262,Yes,Male,Some College,Caucasian or White,Did not vote,3,,,,,,,,3.4,4.2,3.5,3.7,3.4,3.6,3
241,Yes,Male,High School,Caucasian or White,Hillary Clinton,5,1,1,1.5,6,2,3,7,,,,,,,
98,Yes,Female,Bachelor's Degree,Caucasian or White,Hillary Clinton,6.7,6,6.7,6.5,4.7,5.4,6,6.5,,,,,,,
147,Yes,Female,Bachelor's Degree,Caucasian or White,Donald Trump,6,7,3,7,1,1,1,1.7,,,,,,,
283,Yes,Male,High School,Caucasian or White,Hillary Clinton,6.4,,,,,,,,1,1,2.3,4.8,5.5,4.1,6.9
258,Yes,Female,Some College,Caucasian or White,Donald Trump,7,,,,,,,,7,3,7,1,1,1,1.2
71,Yes,Female,Master's Degree,Asian,Donald Trump,6.6,,,,,,,,4.9,5.6,5.4,5.5,5.2,6,4.8
236,Yes,Male,Bachelor's Degree,Caucasian or White,Donald Trump,6,7,1,7,1,1,1,4,,,,,,,
218,Yes,Female,Bachelor's Degree,Caucasian or White,Hillary Clinton,4,,,,,,,,1.1,1.1,1.1,7,5,5,7
290,Yes,Female,Some College,Caucasian or White,Did not vote,6.1,6,4,6.1,1.1,1.1,1.1,4,,,,,,,
54,Yes,Male,Bachelor's Degree,Caucasian or White,Donald Trump,3.9,4.2,3.6,4.1,1.1,1,1.1,3.6,,,,,,,
134,Yes,Male,Master's Degree,Hispanic or Latino,Hillary Clinton,4.4,,,,,,,,4.3,3.8,4.6,3.5,3.8,4.5,4.8
252,Yes,Female,Bachelor's Degree,Caucasian or White,Other,5,,,,,,,,3,2.9,3,4.9,4,1.5,5.8
130,Yes,Female,Master's Degree,Caucasian or White,Hillary Clinton,6,,,,,,,,1,1,1,7,7,6.1,6.5
259,Yes,Male,Master's Degree,Caucasian or White,Hillary Clinton,2.5,1,1,1,6,4,2,7,,,,,,,
94,Yes,Male,Master's Degree,Caucasian or White,Hillary Clinton,3.5,1,1.1,3,5,5,5,3,,,,,,,
231,Yes,Male,Some College,African American or Black,Did not vote,2.9,,,,,,,,1.9,1.9,1.9,5,5,4.9,4
186,Yes,Male,Master's Degree,Caucasian or White,Other,7,5,1.2,4,2.7,1.4,1.6,2,,,,,,,
183,Yes,Female,Doctoral Degree or Equivalent,Asian,Hillary Clinton,4.5,1,1,1,4,1,1,1,,,,,,,
329,Yes,Male,Some College,Caucasian or White,Hillary Clinton,4,1,1,1,6,6.5,2,4,,,,,,,
321,Yes,Male,Bachelor's Degree,Caucasian or White,Donald Trump,7,7,7,7,1,1,1,4,,,,,,,
160,Yes,Male,Master's Degree,Caucasian or White,Did not vote,2.1,2.2,2.4,5.8,5.8,5.5,1.6,3,,,,,,,
151,Yes,Male,Master's Degree,Caucasian or White,Hillary Clinton,2,,,,,,,,1,1,7,1,1,1,6
194,Yes,Female,Some College,Caucasian or White,Hillary Clinton,5,1.9,1.8,6.1,1.5,1.5,1.6,1.8,,,,,,,
49,Yes,Female,Bachelor's Degree,Asian,Other,4.5,4,4.1,4,3.8,3.8,3.8,3.9,,,,,,,
136,Yes,Female,Master's Degree,Caucasian or White,Donald Trump,3.5,2.6,3.9,2.6,1.3,2.3,1.6,1.3,,,,,,,
226,Yes,Female,Bachelor's Degree,African American or Black,Hillary Clinton,6.5,,,,,,,,1.9,1,4,6.8,4.5,4.8,6.3
212,Yes,Male,Bachelor's Degree,Caucasian or White,Hillary Clinton,4,,,,,,,,6,4,4,3,1,1,4
195,Yes,Female,High School,Caucasian or White,Hillary Clinton,5,,,,,,,,1,1,1,5,5.1,4,6.1
221,Yes,Male,Some College,Caucasian or White,Did not vote,3.9,2,3,3.1,2,1.2,1,4.1,,,,,,,
232,Yes,Female,High School,Hispanic or Latino,Donald Trump,3.5,,,,,,,,2.5,3.5,3.3,2.8,2.9,3.3,3
385,Yes,Male,Some College,Caucasian or White,Hillary Clinton,2.7,1,1,1,7,7,1,7,,,,,,,
120,Yes,Male,Master's Degree,Caucasian or White,Hillary Clinton,4,1,1,2,3.9,6,2.8,4,,,,,,,
545,Yes,Male,Some College,Caucasian or White,Other,4,5.1,5.2,5.2,1.1,1.1,1.2,4.6,,,,,,,
212,Yes,Male,Some College,Caucasian or White,Donald Trump,5.7,7,5.5,6.5,1.4,1,1,2,,,,,,,
121,Yes,Male,Some College,Caucasian or White,Donald Trump,5.4,7,4.1,7,1,1,1,7,,,,,,,
222,Yes,Male,Bachelor's Degree,Caucasian or White,Hillary Clinton,6.1,,,,,,,,1.1,1,1,7,7,7,7
254,Yes,Male,Some College,Caucasian or White,Did not vote,4.5,,,,,,,,2,1,1,2,1,1,4
349,Yes,Female,Bachelor's Degree,Hispanic or Latino,Did not vote,5.8,,,,,,,,5.2,6.5,1,1,1,1,1
132,Yes,Male,Bachelor's Degree,Hispanic or Latino,Other,6,6.9,6.6,6.2,1,1.1,1,2,,,,,,,
362,Yes,Female,Bachelor's Degree,Caucasian or White,Hillary Clinton,5.9,,,,,,,,3,1.7,2,6.1,2.9,6.1,6.6
268,Yes,Male,Bachelor's Degree,Caucasian or White,Other,4.2,4,2,5.1,1.2,1.2,1.2,6,,,,,,,
387,Yes,Female,Some College,Caucasian or White,Donald Trump,6,,,,,,,,4.6,1.9,5.2,6.3,5,4.5,4.8
145,Yes,Female,High School,Caucasian or White,Hillary Clinton,5.2,,,,,,,,1.3,1.4,2.2,2.3,3,1.5,7
96,Yes,Female,Master's Degree,African American or Black,Did not vote,5.4,,,,,,,,1.7,1.8,1.3,5,4.8,3.1,4.2
81,Yes,Male,Bachelor's Degree,Caucasian or White,Donald Trump,5.8,4.8,3.6,4.4,4.4,4.2,4.4,3.2,,,,,,,
392,Yes,Female,Doctoral Degree or Equivalent,Caucasian or White,Other,5,,,,,,,,1.1,1.1,2,6,5,1.2,4
187,Yes,Female,High School,African American or Black,Hillary Clinton,3.9,4.1,5.3,4.8,4.1,4.9,4.8,5.1,,,,,,,
272,Yes,Male,Some College,Asian,Donald Trump,6,,,,,,,,1,1,1,7,7,7,7
110,Yes,Male,Master's Degree,Caucasian or White,Hillary Clinton,7,1,1,1,6,3.5,3,3,,,,,,,
178,Yes,Male,High School,Caucasian or White,Other,2,,,,,,,,1,1,1,2,1,1,5
619,Yes,Male,Bachelor's Degree,Caucasian or White,Donald Trump,5,4,1.9,4.9,3.1,3.1,4.1,6.1,,,,,,,
267,Yes,Female,Bachelor's Degree,Caucasian or White,Other,4.5,,,,,,,,2.3,4.2,2.5,4.4,3.8,3.5,1.8
427,Yes,Male,Master's Degree,Caucasian or White,Hillary Clinton,5,1,1,1,7,7,3,6,,,,,,,
263,Yes,Female,Other,Other,Other,7,,,,,,,,1,1,1,3.5,3,2,5
81,Yes,Male,Some College,Caucasian or White,Hillary Clinton,5.5,,,,,,,,2.1,1.1,2.2,5.6,5.6,5.9,5.8
269,Yes,Male,Some College,Caucasian or White,Donald Trump,5.6,6.5,4.6,6,1,1.5,1,5.5,,,,,,,
165,Yes,Female,Some College,Caucasian or White,Hillary Clinton,4,,,,,,,,1,1,1,4,4,4.1,4
412,Yes,Female,Master's Degree,Caucasian or White,Hillary Clinton,3.4,1.1,1.1,1.9,5,5,5.1,6.3,,,,,,,
190,Yes,Male,Some College,Caucasian or White,Donald Trump,6,2,1.1,1.1,1.8,7,1.3,7,,,,,,,
228,Yes,Female,Some College,Caucasian or White,Donald Trump,5,,,,,,,,3,5,5,1.5,1,1,4
356,Yes,Male,Bachelor's Degree,African American or Black,Other,4.9,1,1,3,7,7,3,4,,,,,,,
104,Yes,Male,Some College,Caucasian or White,Hillary Clinton,4,1.9,1,1,3,2,3,4,,,,,,,
185,Yes,Female,Some College,Caucasian or White,Donald Trump,7,7,4,7,1,1,1,1.5,,,,,,,
270,Yes,Male,High School,Caucasian or White,Did not vote,3,2,1,2.5,5.5,5,5.5,4,,,,,,,
289,Yes,Female,Bachelor's Degree,African American or Black,Hillary Clinton,7,2,2,5,2,3,2,4,,,,,,,
233,Yes,Male,Bachelor's Degree,Caucasian or White,Donald Trump,7,7,7,7,1,1,1,4,,,,,,,
116,Yes,Male,High School,Caucasian or White,Donald Trump,7,7,7,7,1.1,1.1,1.1,2,,,,,,,
247,Yes,Male,Some College,Caucasian or White,Other,2,1.1,1.1,1.7,5.5,5,2,5,,,,,,,
187,Yes,Male,Bachelor's Degree,Caucasian or White,Hillary Clinton,5,,,,,,,,1,1,1,7,7,2,5
125,Yes,Female,Bachelor's Degree,Hispanic or Latino,Did not vote,5,,,,,,,,1,1,1,7,7,7,7
134,Yes,Male,High School,African American or Black,Donald Trump,4,,,,,,,,3.6,6.3,2.9,2.3,4.3,4.9,5
187,Yes,Female,Master's Degree,African American or Black,Hillary Clinton,4,1,1,1.9,2,2,1,6.2,,,,,,,
349,Yes,Male,Bachelor's Degree,African American or Black,Hillary Clinton,6.6,,,,,,,,6.5,5.9,5.9,5.4,6,6.5,6.5
431,Yes,Female,Some College,Caucasian or White,Hillary Clinton,5,,,,,,,,1,1,6.2,2,2,1,4.1
204,Yes,Male,High School,Caucasian or White,Donald Trump,7,,,,,,,,7,3.8,6.9,1,1,1,1
240,Yes,Female,Master's Degree,Caucasian or White,Did not vote,5,6.4,1,7,1,1,1,3,,,,,,,
402,Yes,Male,Bachelor's Degree,Caucasian or White,Donald Trump,6,,,,,,,,5.9,5.9,3.3,6,5.3,4.9,5.2
143,Yes,Male,Bachelor's Degree,Hispanic or Latino,Donald Trump,6,7,4.5,1,1,1,1,7,,,,,,,
78,Yes,Male,Some College,Caucasian or White,Hillary Clinton,5.4,,,,,,,,3.2,2.7,1.5,2.6,2.5,2.7,6.1
140,Yes,Female,Some College,Caucasian or White,Did not vote,5.9,,,,,,,,1,1,1,7,7,4.5,7
264,Yes,Male,Some College,Caucasian or White,Donald Trump,6.4,,,,,,,,6.3,4,5.4,1.2,1.1,1.2,4
144,Yes,Female,Bachelor's Degree,Caucasian or White,Donald Trump,7,7,1,7,1,1,1,5,,,,,,,
135,Yes,Male,Some College,Caucasian or White,Donald Trump,5.3,,,,,,,,4.5,1.5,6.3,1.5,1,1,4
169,Yes,Female,Some College,Caucasian or White,Hillary Clinton,3,1.8,1.1,2.2,6.8,4,3.8,7,,,,,,,
755,Yes,Female,Some College,Caucasian or White,Donald Trump,7,7,1.1,1.1,1.2,1.2,1.2,1.1,,,,,,,
162,Yes,Female,Some College,Caucasian or White,Donald Trump,7,7,4.1,7,1,1,1,2,,,,,,,
181,Yes,Male,Bachelor's Degree,Caucasian or White,Hillary Clinton,5,4,1.1,3,2,2.5,1.7,4,,,,,,,
194,Yes,Female,Master's Degree,Native American or American Indian,Hillary Clinton,5.4,,,,,,,,3.9,3.5,6.6,2.9,3.3,6.8,4.9
166,Yes,Male,Master's Degree,Caucasian or White,Donald Trump,4.5,,,,,,,,3.4,2.5,1.6,1.1,1.1,1.1,2.6
125,Yes,Female,Master's Degree,Asian,Hillary Clinton,6,,,,,,,,1,1,1,1.7,7,1.7,5
113,Yes,Female,Master's Degree,Caucasian or White,Hillary Clinton,5.4,,,,,,,,1,1,1,7,7,7,4
188,Yes,Male,Some College,Caucasian or White,Did not vote,5.4,,,,,,,,1.1,1.1,2.3,3,2.4,2.6,5.6
263,Yes,Male,Master's Degree,Caucasian or White,Donald Trump,5.8,6.6,1.4,4,1.2,1.1,1.3,5,,,,,,,
163,Yes,Male,Some College,Caucasian or White,Hillary Clinton,6,3.9,2.7,3.5,5.3,3,2.3,6,,,,,,,
134,Yes,Female,Bachelor's Degree,Caucasian or White,Did not vote,7,1,2.5,2.5,4.5,4.9,1.1,4.7,,,,,,,
191,Yes,Male,Bachelor's Degree,Caucasian or White,Other,5.1,2,1.1,7,1,1,1,3,,,,,,,
190,Yes,Male,Some College,Caucasian or White,Donald Trump,7,7,5,7,1,1,1,1,,,,,,,
122,Yes,Female,Bachelor's Degree,Caucasian or White,Hillary Clinton,4.6,1,1,1,7,7,5.9,6.8,,,,,,,
229,Yes,Male,Bachelor's Degree,Caucasian or White,Donald Trump,5.1,,,,,,,,6.1,4.1,7,1,1.1,1,4
251,Yes,Male,Bachelor's Degree,Caucasian or White,Hillary Clinton,3,,,,,,,,1,1,1,1.1,1.9,1.1,6
90,Yes,Male,High School,African American or Black,Donald Trump,5.4,,,,,,,,5.5,3.5,5.6,4.5,5,6.8,5.3
313,Yes,Male,Some College,Caucasian or White,Hillary Clinton,4,1,1,1,7,7,7,7,,,,,,,
162,Yes,Male,Bachelor's Degree,Hispanic or Latino,Hillary Clinton,7,,,,,,,,1.8,2,1.1,4.4,7,3.5,5.9
231,Yes,Female,Some College,Caucasian or White,Hillary Clinton,5.1,3,2,6,1.1,1.1,1.1,1.4,,,,,,,
109,Yes,Male,Bachelor's Degree,Caucasian or White,Donald Trump,7,7,7,7,1,1,1,2,,,,,,,
207,Yes,Male,Some College,Caucasian or White,Did not vote,6,6,3,6,1.5,1,1,4,,,,,,,
139,Yes,Male,Some College,Caucasian or White,Other,2.8,4,1,3,4,3.1,3.4,5.6,,,,,,,
225,Yes,Male,Some College,Caucasian or White,Other,4,1,1,1,4,5,5,4.9,,,,,,,
169,Yes,Female,High School,Caucasian or White,Did not vote,5,3.4,4.1,4.9,1,2.3,1,3,,,,,,,
248,Yes,Male,Some College,Caucasian or White,Donald Trump,7,,,,,,,,7,2.3,6.3,1,1,1,2.5
197,Yes,Male,Master's Degree,African American or Black,Hillary Clinton,6,1,1,1,7,7,4,4,,,,,,,
139,Yes,Female,Bachelor's Degree,Hispanic or Latino,Donald Trump,7,7,3.9,6.8,1,1,1,5,,,,,,,
168,Yes,Male,Bachelor's Degree,Caucasian or White,Did not vote,3,,,,,,,,6,6,2,1,1,1,1
424,Yes,Male,Master's Degree,Caucasian or White,Donald Trump,6.1,6.2,3.9,4.5,3.3,3.9,3.6,5.1,,,,,,,
133,Yes,Female,Some College,Caucasian or White,Hillary Clinton,6,4.4,1,5.8,1.1,1.3,1.1,5.4,,,,,,,
253,Yes,Male,Master's Degree,Caucasian or White,Hillary Clinton,7,,,,,,,,1,1,1,1.9,3,1.1,4
228,Yes,Male,Master's Degree,Caucasian or White,Donald Trump,6.8,6.9,4,7,1,1.1,1,4,,,,,,,
379,Yes,Female,Some College,Caucasian or White,Hillary Clinton,5.1,,,,,,,,1,1,1.1,1.2,1.3,1.2,4
997,Yes,Male,Master's Degree,Caucasian or White,Hillary Clinton,6,1,1,1,7,2,3,4,,,,,,,
195,Yes,Female,Some College,Native American or American Indian,Did not vote,5,6,3,4,1,1,1,3.5,,,,,,,
679,Yes,Female,Bachelor's Degree,Other,Did not vote,2.2,,,,,,,,1,1,1,7,7,7,7
166,Yes,Male,High School,Caucasian or White,Other,1,2,2,2,4,1,1,3.5,,,,,,,
159,Yes,Male,Some College,Caucasian or White,Donald Trump,5,,,,,,,,4.8,2.8,4.8,1.8,2.2,1.8,1.9
179,Yes,Female,Master's Degree,Caucasian or White,Hillary Clinton,7,,,,,,,,1.3,1.4,1.4,7,7,1.8,7
124,Yes,Female,Bachelor's Degree,Caucasian or White,Donald Trump,4.8,,,,,,,,4.1,4.5,4.9,5.7,4.1,4.2,5.3
343,Yes,Male,Bachelor's Degree,Caucasian or White,Hillary Clinton,5,,,,,,,,1,1,1,5.5,6,4.5,7
322,Yes,Female,Bachelor's Degree,Caucasian or White,Donald Trump,6.7,6.2,5.8,6.3,7,6.1,5.9,6.5,,,,,,,
140,Yes,Male,Some College,Caucasian or White,Hillary Clinton,6,1,1,1,5.9,4,6.8,7,,,,,,,
97,Yes,Female,Bachelor's Degree,Caucasian or White,Hillary Clinton,4.9,1,1,1,4,4,4.2,4,,,,,,,
310,Yes,Male,Some College,Caucasian or White,Did not vote,6,,,,,,,,4,3,6.1,2,2,1,4
153,Yes,Female,Bachelor's Degree,Caucasian or White,Hillary Clinton,5.1,1,1,1,2,3.1,1,4,,,,,,,
219,Yes,Male,Bachelor's Degree,Caucasian or White,Donald Trump,5.7,3.9,6.2,6,1,1,1,2.1,,,,,,,
187,Yes,Male,Some College,Caucasian or White,Hillary Clinton,5,,,,,,,,1,1,1,2.5,2.5,1,5
139,Yes,Male,Bachelor's Degree,Caucasian or White,Hillary Clinton,5.2,,,,,,,,1,1,1,6.5,6.1,7,7
262,Yes,Female,Some College,Caucasian or White,Did not vote,5.9,5,1,4.9,1,1,1,5,,,,,,,
224,Yes,Male,High School,Caucasian or White,Did not vote,5,,,,,,,,4,1.5,4,4.4,6.7,4.4,4
204,Yes,Male,Doctoral Degree or Equivalent,Asian,Did not vote,5.1,1.4,1.2,4.2,3.4,3.9,4.3,4,,,,,,,
104,Yes,Male,Bachelor's Degree,Caucasian or White,Other,2,1,1,1,7,7,7,7,,,,,,,
117,Yes,Female,Some College,Caucasian or White,Donald Trump,7,,,,,,,,7,7,7,1,1,1,1
175,Yes,Female,Bachelor's Degree,Caucasian or White,Hillary Clinton,4.1,,,,,,,,4.2,4,4.1,1,1,1,4.1
139,Yes,Male,Bachelor's Degree,Caucasian or White,Hillary Clinton,7,,,,,,,,1,1,4,2,3,2,7
481,Yes,Female,Master's Degree,Other,Hillary Clinton,7,,,,,,,,1,1,1,5,5,5,5.5
325,Yes,Male,Bachelor's Degree,Caucasian or White,Donald Trump,6.2,,,,,,,,6.1,5.5,3.3,3.8,5.3,3.2,5.8
271,Yes,Female,Bachelor's Degree,Caucasian or White,Hillary Clinton,4.5,,,,,,,,1,1,1.5,5,3.5,4.5,6
302,Yes,Male,Bachelor's Degree,Caucasian or White,Donald Trump,5,,,,,,,,1.9,1,4.1,3.9,3,3.2,4.7
149,Yes,Female,Some College,Caucasian or White,Other,5.1,2,2,1,1,1,1,3,,,,,,,
119,Yes,Male,Bachelor's Degree,Caucasian or White,Hillary Clinton,6,1,1,1,6.3,6.3,6.2,6.3,,,,,,,
296,Yes,Female,Bachelor's Degree,Caucasian or White,Donald Trump,5,,,,,,,,7,3.4,5.8,1,1.1,1,4.5
462,Yes,Female,Bachelor's Degree,African American or Black,Donald Trump,2.7,,,,,,,,2.3,1.5,1.6,1,2.8,1,2.4
305,Yes,Female,Bachelor's Degree,Caucasian or White,Other,5.3,,,,,,,,1,1.2,1.8,2,2,2,4.5
123,Yes,Male,Some College,Caucasian or White,Donald Trump,7,,,,,,,,7,7,7,1,1,1,1
105,Yes,Male,Some College,Caucasian or White,Did not vote,6,,,,,,,,1,1,1,7,7,7,6.2
234,Yes,Female,Bachelor's Degree,Caucasian or White,Donald Trump,7,7,1,7,1,1,1,4,,,,,,,
136,Yes,Male,Some College,Hispanic or Latino,Other,5,1,1.9,2.3,1,1,1,1.4,,,,,,,
255,Yes,Male,Doctoral Degree or Equivalent,Caucasian or White,Donald Trump,5.4,,,,,,,,3.4,6.4,6.2,5.2,5,6.8,4.1
213,Yes,Male,Bachelor's Degree,Caucasian or White,Hillary Clinton,5.1,1.9,1,1.6,4.3,4.5,5.2,4,,,,,,,
225,Yes,Female,Bachelor's Degree,Caucasian or White,Other,7,,,,,,,,6.1,3.9,7,1,1,1,1
125,Yes,Male,Some College,Caucasian or White,Hillary Clinton,5,1.8,1,2.5,2.7,2.3,1.5,3,,,,,,,
122,Yes,Male,Bachelor's Degree,Caucasian or White,Donald Trump,4.5,,,,,,,,4,4.8,4.1,4.7,5.1,3.8,4.5
302,Yes,Male,Bachelor's Degree,Caucasian or White,Donald Trump,6.1,6.2,6.4,5.4,6.2,5.3,5.8,6.4,,,,,,,
290,Yes,Female,Bachelor's Degree,Asian,Hillary Clinton,6.1,,,,,,,,6.7,2.1,6.2,4,4,3.9,4
153,Yes,Female,High School,Caucasian or White,Did not vote,7,,,,,,,,4.2,1,7,1,1,1,7
216,Yes,Male,Bachelor's Degree,Caucasian or White,Hillary Clinton,6,1,1,1,6.4,6,1.2,6.9,,,,,,,
197,Yes,Male,Bachelor's Degree,Caucasian or White,Hillary Clinton,4.5,4.7,6.1,5.7,4.6,6.3,3.5,4.4,,,,,,,
236,Yes,Female,High School,Caucasian or White,Donald Trump,4.7,3,3,5,3.4,2,1.1,5.5,,,,,,,
356,Yes,Male,Some College,Hispanic or Latino,Hillary Clinton,4.1,1,1,1,1,1,1,6,,,,,,,
152,Yes,Male,Bachelor's Degree,Caucasian or White,Other,6,,,,,,,,7,7,7,1,1,1,1.1
348,Yes,Female,Master's Degree,Caucasian or White,Hillary Clinton,6.1,1,1,4.5,5,7,5,4,,,,,,,
103,Yes,Female,Master's Degree,Caucasian or White,Hillary Clinton,7,,,,,,,,1.5,1.5,2,6.9,6.8,2.7,7
118,Yes,Male,Bachelor's Degree,Caucasian or White,Hillary Clinton,1.5,1.3,1.1,1.4,6.3,6.4,5.1,7,,,,,,,
127,Yes,Male,Bachelor's Degree,Caucasian or White,Hillary Clinton,5,,,,,,,,1,1,1,7,7,6,6
218,Yes,Male,Master's Degree,Caucasian or White,Donald Trump,5.4,,,,,,,,7,2.8,6.7,1,1,1,6.1
143,Yes,Female,Some College,Caucasian or White,Hillary Clinton,5.7,1,1,1.1,5.4,3.9,5.7,5.7,,,,,,,
101,Yes,Male,Some College,Caucasian or White,Did not vote,5.2,,,,,,,,2.9,4.2,5.4,2,2.2,1.7,3.5
337,Yes,Female,High School,Caucasian or White,Donald Trump,7,5.7,4.9,4.9,5.7,3.9,4.5,4.9,,,,,,,
226,Yes,Female,Bachelor's Degree,Caucasian or White,Did not vote,6.8,,,,,,,,7,5,7,1,1,1,3
211,Yes,Male,High School,Caucasian or White,Did not vote,1,1,1,1,7,7,1,7,,,,,,,
217,Yes,Female,Some College,Caucasian or White,Hillary Clinton,5.1,,,,,,,,1.9,1,2,4,6.1,5.1,7
256,Yes,Male,Bachelor's Degree,Caucasian or White,Donald Trump,6.2,6.8,6.6,7,1,1.1,1.1,1.5,,,,,,,
233,Yes,Female,Some College,Caucasian or White,Donald Trump,6,5.5,4,6,1,1,1,1,,,,,,,
160,Yes,Male,Some College,Caucasian or White,Did not vote,3,1,1,1,5,3,1,1,,,,,,,
376,Yes,Female,Some College,African American or Black,Hillary Clinton,5,2,1,5,1.1,1.2,1.1,5.1,,,,,,,
139,Yes,Female,Bachelor's Degree,Native American or American Indian,Donald Trump,6,,,,,,,,5.6,6.2,6.2,5.5,5.5,4.9,6
358,Yes,Female,Some College,Caucasian or White,Donald Trump,4.1,,,,,,,,4.3,4.1,4.6,2,1.9,1.2,3.9
224,Yes,Male,Some College,African American or Black,Hillary Clinton,4,,,,,,,,1,1,1,7,7,7,7
333,Yes,Female,Bachelor's Degree,Caucasian or White,Donald Trump,6,7,4,4,1.1,1.1,1.1,4,,,,,,,
233,Yes,Male,Master's Degree,Caucasian or White,Donald Trump,5,7,5.5,7,1,1,1,4.1,,,,,,,
166,Yes,Male,Bachelor's Degree,Caucasian or White,Donald Trump,4.5,,,,,,,,5.8,2.4,5.8,2.1,1.4,1.4,4
458,Yes,Female,Some College,African American or Black,Hillary Clinton,5.4,,,,,,,,5.4,2.3,4,3.3,5.8,1.8,4.6
215,Yes,Female,Some College,Caucasian or White,Donald Trump,6.5,7,5,7,1,1,1,3,,,,,,,
359,Yes,Female,Master's Degree,Other,Hillary Clinton,6.7,1,1,1,7,7,7,7,,,,,,,
199,Yes,Female,Some College,Asian,Hillary Clinton,2,,,,,,,,1,1,4,5,3,1,4
198,Yes,Female,Some College,Caucasian or White,Did not vote,5,1,1,1,4,2.5,1,4.5,,,,,,,
291,Yes,Male,Master's Degree,Other,Hillary Clinton,6.1,,,,,,,,5.9,5,6,6,5.1,5.1,6
306,Yes,Female,Some College,Caucasian or White,Donald Trump,7,,,,,,,,7,3,7,1,1,1,4
109,Yes,Male,Bachelor's Degree,Caucasian or White,Hillary Clinton,3,1.2,1.1,1.6,4.1,4.1,3.5,6.6,,,,,,,
389,Yes,Female,Bachelor's Degree,African American or Black,Hillary Clinton,5.6,,,,,,,,4.1,1.1,3.9,7,7,4,4.2
185,Yes,Male,Bachelor's Degree,Caucasian or White,Donald Trump,7,7,7,7,1.1,1,1.1,4,,,,,,,
307,Yes,Female,Bachelor's Degree,Caucasian or White,Other,6.1,6.3,2.5,5.8,1.1,3.7,1.1,5.9,,,,,,,
102,Yes,Male,Some College,Asian,Did not vote,5.9,1,1,1.6,7,7,7,5,,,,,,,
252,Yes,Male,Master's Degree,African American or Black,Hillary Clinton,4,,,,,,,,1.6,1.6,6.2,1.1,2,1.1,4.1
112,Yes,Female,Master's Degree,Caucasian or White,Donald Trump,6.1,,,,,,,,5.1,5,6.7,1,1,1,4.1
202,Yes,Female,Bachelor's Degree,Caucasian or White,Donald Trump,7,,,,,,,,7,7,7,1,1,1.1,1
138,Yes,Male,Bachelor's Degree,Caucasian or White,Hillary Clinton,3,1.2,1,3.2,2.3,6.9,2.1,4.1,,,,,,,
196,Yes,Male,Bachelor's Degree,Caucasian or White,Did not vote,5,5.5,2,2,1.5,2,1.5,7,,,,,,,
95,Yes,Female,Some College,Caucasian or White,Hillary Clinton,6.4,,,,,,,,1,1,1,7,7,7,7
125,Yes,Male,Some College,Caucasian or White,Did not vote,3,,,,,,,,1.9,1,3.2,4.6,3.9,2.5,5.1
226,Yes,Male,Bachelor's Degree,Caucasian or White,Hillary Clinton,4,,,,,,,,1,1,1,5.7,4,2.8,4
377,Yes,Female,Master's Degree,Caucasian or White,Donald Trump,7,,,,,,,,7,3.9,6.2,1.1,1.1,1.1,7
144,Yes,Female,Master's Degree,Asian,Did not vote,4.6,6.6,2.6,4.1,1,1,1,4.6,,,,,,,
189,Yes,Female,Some College,Caucasian or White,Donald Trump,5.4,4.3,3.3,5.9,1,1,1,2.1,,,,,,,
256,Yes,Male,Bachelor's Degree,Caucasian or White,Donald Trump,4.5,,,,,,,,6,5,7,1,1,1,2
158,Yes,Female,Master's Degree,Caucasian or White,Did not vote,5,1,1,2,2,5,1,4,,,,,,,
211,Yes,Female,Master's Degree,Caucasian or White,Donald Trump,3.1,1.1,1.1,1.1,1,1,1,5.8,,,,,,,
286,Yes,Female,Some College,Caucasian or White,Did not vote,6,7,1,7,1,1,1,7,,,,,,,
466,Yes,Male,Bachelor's Degree,Caucasian or White,Donald Trump,6.2,,,,,,,,4.6,4.1,4.4,4.8,4.4,3.7,3.3
208,Yes,Male,Some College,Hispanic or Latino,Donald Trump,7,,,,,,,,7,3,4,1,1,1,4
124,Yes,Female,Master's Degree,Caucasian or White,Hillary Clinton,4.3,1,1,1,2.3,2,1,7,,,,,,,
225,Yes,Female,Bachelor's Degree,African American or Black,Hillary Clinton,5,1,1,1.5,6.5,5.5,6.5,3,,,,,,,
329,Yes,Male,Some College,Caucasian or White,Did not vote,2.2,,,,,,,,1.5,1,2,5.2,3.7,3,6
955,Yes,Male,Bachelor's Degree,Caucasian or White,Donald Trump,7,7,7,7,4.9,3.2,1,4.1,,,,,,,
153,Yes,Female,Bachelor's Degree,Caucasian or White,Did not vote,3,,,,,,,,1,1,1,5,5,5,4
900,Yes,Female,Master's Degree,Caucasian or White,Donald Trump,7,6.6,1.1,3,5.1,5,5.1,5.1,,,,,,,
257,Yes,Female,Master's Degree,Caucasian or White,Did not vote,3,,,,,,,,2.9,2.9,4,1,1,1,4
170,Yes,Male,Bachelor's Degree,Caucasian or White,Hillary Clinton,4,,,,,,,,1,1,1,7,5,1,3
190,Yes,Male,Master's Degree,Caucasian or White,Donald Trump,5.9,5.7,6.1,5.9,1,1,1,3.9,,,,,,,
531,Yes,Female,Bachelor's Degree,Asian,Did not vote,5,,,,,,,,1,1,4,4,4,4,5
181,Yes,Female,High School,Caucasian or White,Did not vote,4.4,6.6,4.6,6.2,1,1,1,2.1,,,,,,,
289,Yes,Female,Some College,Caucasian or White,Donald Trump,6,,,,,,,,6,3,4,1,1,1,4
132,Yes,Female,Bachelor's Degree,Caucasian or White,Donald Trump,7,,,,,,,,7,7,7,1,1,1,3
304,Yes,Female,Bachelor's Degree,Caucasian or White,Hillary Clinton,4,,,,,,,,4.5,1.5,5,1,1,1,6
314,Yes,Female,High School,Caucasian or White,Donald Trump,4.6,,,,,,,,2,1.3,2.7,2.1,4.1,1.8,3.4
39,Yes,Female,Some College,Asian,Hillary Clinton,3.7,3.7,5.2,5.4,4.2,2.4,3.7,3.9,,,,,,,
145,Yes,Male,Some College,Caucasian or White,Hillary Clinton,6.1,,,,,,,,1,1,1,6.2,6.1,6.2,7
799,Yes,Female,Bachelor's Degree,Caucasian or White,Hillary Clinton,6.5,,,,,,,,4.2,6.6,6.4,6.1,5.9,6.6,5.9
311,Yes,Female,Bachelor's Degree,Hispanic or Latino,Hillary Clinton,6.4,,,,,,,,1.3,1.4,1.5,1.9,2.6,2,6.8
183,Yes,Male,Some College,Caucasian or White,Did not vote,3.9,5.5,3.5,1.4,4,1.3,1.3,3.5,,,,,,,
434,Yes,Male,Bachelor's Degree,Pacific Islander,Hillary Clinton,3.2,1.9,1.4,2.5,4.5,5,4.5,5,,,,,,,
522,Yes,Male,High School,Caucasian or White,Donald Trump,5,5.3,5.4,4.5,5,4.6,5.7,5.4,,,,,,,
281,Yes,Female,Master's Degree,Caucasian or White,Hillary Clinton,5.5,,,,,,,,1,1,2,3,3,1,6
138,Yes,Female,Some College,African American or Black,Donald Trump,4.1,,,,,,,,5.6,3.9,3.9,1.9,2.8,2.5,3.7
150,Yes,Female,Bachelor's Degree,Caucasian or White,Hillary Clinton,5,,,,,,,,1,1,1,3,3,3,4
187,Yes,Male,High School,Caucasian or White,Hillary Clinton,2,1.9,1.9,2,2,2,2,2,,,,,,,
136,Yes,Female,Bachelor's Degree,Caucasian or White,Did not vote,4.1,,,,,,,,1,1,1.9,1.7,1.8,1.6,4.1
135,Yes,Male,Bachelor's Degree,Caucasian or White,Donald Trump,6.1,,,,,,,,7,6.1,7,1.1,1.1,1.1,5
149,Yes,Male,High School,Caucasian or White,Donald Trump,4.4,4.5,4.1,5.1,3.7,4.9,4.1,3.7,,,,,,,
267,Yes,Male,High School,Hispanic or Latino,Hillary Clinton,6,1,1.1,1.4,5,5.2,4.5,4.1,,,,,,,
210,Yes,Female,Bachelor's Degree,Caucasian or White,Did not vote,2.9,,,,,,,,4,4.2,4.1,2,2.6,1.3,5.9
1098,Yes,Male,Bachelor's Degree,Caucasian or White,Hillary Clinton,6,1,1,1,6.5,7,6,7,,,,,,,
227,Yes,Male,Some College,Caucasian or White,Other,5.1,5.8,2.5,6.4,1,1,1,2.5,,,,,,,
170,Yes,Male,Bachelor's Degree,Caucasian or White,Other,5.1,1.2,2,4.5,4,2.5,1.5,6,,,,,,,
283,Yes,Male,Bachelor's Degree,Caucasian or White,Hillary Clinton,2.9,,,,,,,,1.1,1.1,1.6,4.1,4.2,3.4,4.5
151,Yes,Female,Bachelor's Degree,Caucasian or White,Hillary Clinton,5,,,,,,,,1,1,2,4.9,4.9,1,4.9
6,No,,,,,,,,,,,,,,,,,,,
167,Yes,Female,Master's Degree,Caucasian or White,Did not vote,5,5,1,1,2,2,2,6,,,,,,,
122,Yes,Male,Some College,Caucasian or White,Did not vote,2,,,,,,,,1,1,2,4,2,6,6
1047,Yes,Female,Bachelor's Degree,Asian,Hillary Clinton,1,3.1,3.1,4.1,1,1,1,3.2,,,,,,,
160,Yes,Male,Some College,Hispanic or Latino,Hillary Clinton,5,,,,,,,,2,1,1,5,4,1,6
292,Yes,Male,Some College,Caucasian or White,Donald Trump,5.1,,,,,,,,6.8,2.6,5.8,1.5,2.1,1.8,3.7
209,Yes,Female,Some College,Caucasian or White,Hillary Clinton,4,1,1,1,7,7,1,7,,,,,,,
284,Yes,Female,Other,Caucasian or White,Donald Trump,7,,,,,,,,7,1.1,4.9,1.1,1.1,1.1,4
79,Yes,Male,Master's Degree,African American or Black,Donald Trump,6,4.7,5,6.2,4.6,5.3,5,5.5,,,,,,,
114,Yes,Female,Bachelor's Degree,Native American or American Indian,Donald Trump,6.1,,,,,,,,6,5.7,5.9,5.3,6,5.7,5.8
182,Yes,Female,Bachelor's Degree,Caucasian or White,Hillary Clinton,4,1,1,1,6,7,7,4,,,,,,,
139,Yes,Male,Some College,Caucasian or White,Hillary Clinton,5.7,2.1,1.2,3.2,2.2,2.5,2.2,4,,,,,,,
250,Yes,Male,Some College,Caucasian or White,Hillary Clinton,4,,,,,,,,2,1,1,6,5,5,5
204,Yes,Male,Bachelor's Degree,Caucasian or White,Hillary Clinton,5.7,,,,,,,,1.1,1,1.9,1,1,1,4
268,Yes,Female,Bachelor's Degree,Caucasian or White,Hillary Clinton,5,,,,,,,,1.2,1.1,1.5,7,7,5.8,6.1
170,Yes,Female,Some College,Caucasian or White,Donald Trump,7,7,6.6,7,1.1,1.5,1,1.1,,,,,,,
399,Yes,Female,Some College,Caucasian or White,Other,7,1.1,1.1,1.3,3,6.1,2.1,6.4,,,,,,,
137,Yes,Female,Bachelor's Degree,Caucasian or White,Donald Trump,6.2,,,,,,,,6.3,5.6,4.1,1,1,1,1.3
266,Yes,Male,Bachelor's Degree,Caucasian or White,Donald Trump,7,7,4,7,1.1,1.1,1.1,4,,,,,,,
65,Yes,Male,Bachelor's Degree,Caucasian or White,Donald Trump,4.1,3.9,4.3,3.2,3.7,3.7,3.6,3.9,,,,,,,
200,Yes,Male,Some College,African American or Black,Hillary Clinton,5.2,1,1,1,7,7,6.6,7,,,,,,,
111,Yes,Female,Some College,Caucasian or White,Donald Trump,5.2,,,,,,,,6.1,3.9,1.8,1.2,1.2,1,1.3
166,Yes,Female,Some College,Caucasian or White,Donald Trump,5.9,,,,,,,,7,4.1,5.3,1,1,1,3.1
657,Yes,Male,Master's Degree,Caucasian or White,Donald Trump,5.4,5.8,2.5,1.9,6.7,5.4,5.9,5.1,,,,,,,
97,Yes,Female,Bachelor's Degree,Hispanic or Latino,Hillary Clinton,4.1,,,,,,,,1.1,1.1,1,7,7,5.1,7
1736,Yes,Male,Master's Degree,Hispanic or Latino,Donald Trump,6,,,,,,,,5.8,5.1,5.7,6,6,5.7,6
207,Yes,Male,Bachelor's Degree,Asian,Did not vote,5,5,3,7,1,1,1,2.5,,,,,,,
668,Yes,Female,Master's Degree,Native American or American Indian,Hillary Clinton,5.4,4,1,1.1,1.2,1.2,4.3,5.2,,,,,,,
313,Yes,Male,Master's Degree,Caucasian or White,Hillary Clinton,5,,,,,,,,1,1,2,6,6,6,6
305,Yes,Male,Bachelor's Degree,Native American or American Indian,Donald Trump,5.4,4.7,4.4,3.5,3.8,4.4,3.8,4.9,,,,,,,
253,Yes,Female,Bachelor's Degree,African American or Black,Donald Trump,5.2,,,,,,,,3,2,4,1,4.1,1,4.8
322,Yes,Female,Bachelor's Degree,Caucasian or White,Donald Trump,6.5,,,,,,,,7,7,7,1,1,1,4
318,Yes,Male,Master's Degree,Caucasian or White,Other,1,,,,,,,,7,1,4,1,1,1,4
408,Yes,Male,Bachelor's Degree,Hispanic or Latino,Donald Trump,6.1,4.9,5.8,3.8,5.3,5.3,6.3,6,,,,,,,
1802,Yes,Female,Bachelor's Degree,African American or Black,Donald Trump,6.8,5.8,5.5,6.6,6.8,5.9,6,6.2,,,,,,,
187,Yes,Female,Bachelor's Degree,Caucasian or White,Hillary Clinton,4,,,,,,,,1,1,1,7,4,1.5,7
279,Yes,Male,High School,Caucasian or White,Did not vote,5.6,5.1,1,3.5,5.9,5.1,5.1,1,,,,,,,
139,Yes,Female,Bachelor's Degree,Caucasian or White,Hillary Clinton,7,,,,,,,,1,7,7,1,1,1,1
138,Yes,Male,Bachelor's Degree,Caucasian or White,Did not vote,7,,,,,,,,7,7,7,1,1,1,4
113,Yes,Male,Bachelor's Degree,Caucasian or White,Donald Trump,7,,,,,,,,6.1,5.5,6.4,5.4,6.1,6,6.2
7,No,,,,,,,,,,,,,,,,,,,
116,Yes,Male,Some College,Caucasian or White,Donald Trump,2.7,,,,,,,,1,1,5.7,2.7,2.7,1,5.1
282,Yes,Female,Bachelor's Degree,Caucasian or White,Donald Trump,6,4,1,4,1.1,1.1,1.1,2,,,,,,,
1867,Yes,Female,Bachelor's Degree,Caucasian or White,Hillary Clinton,4,,,,,,,,1,1,1,5,4,1,4
181,Yes,Male,Bachelor's Degree,Hispanic or Latino,Donald Trump,4,3,1,2,4,4,3,4,,,,,,,
133,Yes,Male,Doctoral Degree or Equivalent,Caucasian or White,Donald Trump,3,5.1,2.7,4.3,5.3,1.7,2.6,1.6,,,,,,,
909,Yes,Male,Some College,Caucasian or White,Donald Trump,5.9,3,1.7,7,1.1,1.1,1.1,3.9,,,,,,,
159,Yes,Female,Bachelor's Degree,Caucasian or White,Donald Trump,2.4,,,,,,,,4.9,1,5.1,1.6,2.3,1.1,4
272,Yes,Female,Other,Caucasian or White,Hillary Clinton,3,1,1,2.1,1.1,5.1,1.1,5.1,,,,,,,
125,Yes,Male,Some College,Caucasian or White,Did not vote,6.3,1,1,1,7,7,6.9,6.5,,,,,,,
166,Yes,Male,Bachelor's Degree,Caucasian or White,Donald Trump,6.1,7,1.8,2.4,3,2.9,1,6.1,,,,,,,
423,Yes,Female,Some College,Caucasian or White,Donald Trump,7,7,6,7,1,1,1,2.5,,,,,,,
136,Yes,Male,Some College,Caucasian or White,Other,7,3,5,6,1,1,1,4,,,,,,,
526,Yes,Male,Bachelor's Degree,Hispanic or Latino,Donald Trump,6.1,5.4,6.3,6.3,6.1,5.9,4,5.3,,,,,,,
79,Yes,Male,Some College,Caucasian or White,Donald Trump,6.1,5.2,1.8,4.8,2,1.8,1.8,5.6,,,,,,,
2081,Yes,Female,Some College,Caucasian or White,Did not vote,4.8,4.9,3.5,3.3,5.1,3.8,4.7,4.3,,,,,,,
204,Yes,Male,Bachelor's Degree,African American or Black,Hillary Clinton,5.5,,,,,,,,1,1,3,5.1,3,3.5,5.6
146,Yes,Male,High School,Caucasian or White,Donald Trump,6.2,,,,,,,,6.6,4,7,1,1,1,2
302,Yes,Female,High School,Caucasian or White,Hillary Clinton,4.1,1,1,5,1,1,1,3,,,,,,,
164,Yes,Female,Master's Degree,African American or Black,Did not vote,7,,,,,,,,1,1,1,7,7,7,7
105,Yes,Male,Some College,Hispanic or Latino,Hillary Clinton,5.1,3.4,5.2,3.2,5.3,3.9,2.8,2.9,,,,,,,
1096,Yes,Female,Some College,Caucasian or White,Hillary Clinton,2,3,1,5,1,1,1,5.1,,,,,,,
1016,Yes,Female,Bachelor's Degree,Caucasian or White,Donald Trump,6.6,7,1.6,6,1.9,1.9,1.4,3.6,,,,,,,
101,Yes,Male,Master's Degree,Caucasian or White,Other,4.9,,,,,,,,1.7,1.3,6.1,1.3,2.2,1.2,5
475,Yes,Male,Some College,Caucasian or White,Hillary Clinton,2,,,,,,,,1,1,6.1,4,4,4,4
295,Yes,Male,Some College,Caucasian or White,Other,2.5,1,1,1,7,7,7,7,,,,,,,
330,Yes,Male,Bachelor's Degree,Caucasian or White,Donald Trump,2.9,,,,,,,,1,1,3.4,5,1.3,2.3,2.4
341,Yes,Male,Master's Degree,Caucasian or White,Hillary Clinton,3,,,,,,,,1,1,7,1,1,1,4
259,Yes,Female,Bachelor's Degree,Caucasian or White,Did not vote,5,7,4.1,4,1,1,1,4.2,,,,,,,
129,Yes,Male,Some College,Caucasian or White,Hillary Clinton,5,,,,,,,,1,1,1,7,6,1.5,7
203,Yes,Female,Some College,Caucasian or White,Did not vote,4,,,,,,,,1,1,1,5,5,5,6
257,Yes,Male,Doctoral Degree or Equivalent,Asian,Donald Trump,5.1,5.5,7,7,1.1,1.1,1.1,3.5,,,,,,,
251,Yes,Male,Some College,African American or Black,Hillary Clinton,6.9,,,,,,,,5.1,1,6.9,7,5.4,6.9,3.7
326,Yes,Male,High School,Caucasian or White,Did not vote,3.5,,,,,,,,1.5,1,3,4,3,1,4
191,Yes,Male,Bachelor's Degree,Asian,Hillary Clinton,3.9,2.6,1,3.8,1.3,1.6,1.5,5.4,,,,,,,
197,Yes,Female,Some College,Caucasian or White,Donald Trump,4.3,,,,,,,,4.2,3.1,6.3,1.4,1.4,1.3,4.2
181,Yes,Male,Bachelor's Degree,Caucasian or White,Did not vote,3.1,2.5,1.9,4.6,4.4,3.8,4.3,4,,,,,,,
413,Yes,Male,Some College,Other,Donald Trump,5.1,,,,,,,,6.5,7,7,1,1,1,3.5
1057,Yes,Male,Bachelor's Degree,Hispanic or Latino,Donald Trump,6.1,,,,,,,,4,4,6,2.4,3.2,2.5,6.1
243,Yes,Female,Bachelor's Degree,Hispanic or Latino,Donald Trump,6,,,,,,,,6,5,7,1,1,1,4
198,Yes,Female,Bachelor's Degree,Asian,Hillary Clinton,6,,,,,,,,1,1,2.4,6.3,6.8,6.4,6.9
222,Yes,Male,Some College,African American or Black,Other,5.2,5.2,1.4,3,1,1,1,4.1,,,,,,,
177,Yes,Male,Bachelor's Degree,Asian,Hillary Clinton,7,,,,,,,,7,5,6.5,5.9,4.2,4,4.1
189,Yes,Female,Some College,African American or Black,Hillary Clinton,7,,,,,,,,1,1,1.1,4.2,4.2,4.1,4.2
192,Yes,Female,Bachelor's Degree,Caucasian or White,Other,4,1,1,1,7,7,7,6,,,,,,,
145,Yes,Male,Master's Degree,Caucasian or White,Hillary Clinton,2,1.4,1.2,3,2,2.1,1.9,5.8,,,,,,,
223,Yes,Female,Some College,Caucasian or White,Did not vote,6,5.5,1,1,1,1,1,5,,,,,,,
280,Yes,Male,Bachelor's Degree,Caucasian or White,Hillary Clinton,4.7,1.3,1.4,5,1,1.1,1,6.5,,,,,,,
97,Yes,Female,Bachelor's Degree,Caucasian or White,Donald Trump,6.2,,,,,,,,6.2,6.4,6.4,5.1,4.9,5.2,3.7
146,Yes,Male,Master's Degree,Caucasian or White,Other,5.1,1,1,1,4,4,4.1,5,,,,,,,
171,Yes,Female,Some College,Caucasian or White,Donald Trump,6,,,,,,,,6.1,4.1,7,1.2,1.3,1.3,1.1
171,Yes,Male,Doctoral Degree or Equivalent,Caucasian or White,Other,2,4,3,5,1,1,1,4,,,,,,,
110,Yes,Male,Bachelor's Degree,Caucasian or White,Hillary Clinton,5.3,,,,,,,,1,1,1.2,5.8,5.1,4.9,4
99,Yes,Female,Some College,Caucasian or White,Did not vote,5.6,,,,,,,,5.9,1.4,5.8,1,1.3,1,4.9
245,Yes,Female,High School,Caucasian or White,Donald Trump,6.3,7,1.1,5.1,1.1,1.1,1.1,5,,,,,,,
133,Yes,Male,Doctoral Degree or Equivalent,Caucasian or White,Hillary Clinton,5.5,5,2.2,5.2,3,3.9,1.6,4,,,,,,,
151,Yes,Male,Bachelor's Degree,Caucasian or White,Hillary Clinton,4,1,1,1,6,5,3,7,,,,,,,
108,Yes,Female,Master's Degree,Caucasian or White,Donald Trump,7,,,,,,,,1,1,1,7,7,5.9,5.9
195,Yes,Female,High School,Asian,Did not vote,6.1,,,,,,,,1.8,1.7,1.4,4.7,5.2,5.2,3.2
359,Yes,Female,Some College,African American or Black,Did not vote,1,,,,,,,,1,1,1,7,7,7,7
145,Yes,Female,Bachelor's Degree,Caucasian or White,Hillary Clinton,6.1,,,,,,,,1,1,1,5.1,5.1,3.1,7
206,Yes,Female,High School,Caucasian or White,Donald Trump,7,7,7,7,1,1,1,3,,,,,,,
106,Yes,Male,Bachelor's Degree,Caucasian or White,Hillary Clinton,2,1,1,1,6,6,1,5,,,,,,,
236,Yes,Female,Master's Degree,Caucasian or White,Did not vote,2.8,,,,,,,,3.7,1.7,3.3,2,2,1.3,4.1
223,Yes,Female,Bachelor's Degree,Caucasian or White,Hillary Clinton,4,1,1,1,7,7,7,7,,,,,,,
157,Yes,Male,Some College,Caucasian or White,Donald Trump,4.9,,,,,,,,4.9,3.1,4.9,5.5,4.2,4,5.3
247,Yes,Female,Bachelor's Degree,Caucasian or White,Hillary Clinton,4,1.1,1.1,2.1,1,2.4,1.8,4,,,,,,,
526,Yes,Male,Bachelor's Degree,African American or Black,Donald Trump,6.1,3,2,2.3,5.7,6.1,5.8,2,,,,,,,
303,Yes,Female,Some College,Caucasian or White,Hillary Clinton,6,1,1,1.5,1.2,2,1,4,,,,,,,
147,Yes,Female,Bachelor's Degree,Caucasian or White,Donald Trump,5.2,,,,,,,,6.3,4.7,4.7,2.3,2,1,4.8
155,Yes,Male,Some College,Caucasian or White,Donald Trump,5,,,,,,,,7,3.5,6.5,1,1,1,2
228,Yes,Male,Bachelor's Degree,Caucasian or White,Did not vote,3.6,,,,,,,,2.7,1,3.2,3.9,3.9,3.7,4
165,Yes,Male,Doctoral Degree or Equivalent,Caucasian or White,Hillary Clinton,7,,,,,,,,1.1,1.1,1.1,7,7,5.8,7
825,Yes,Female,Master's Degree,Caucasian or White,Donald Trump,5.4,,,,,,,,3.7,5.6,3.2,5.2,4.6,5.7,5.7
220,Yes,Male,Doctoral Degree or Equivalent,Caucasian or White,Hillary Clinton,5,2.1,5.7,1.6,5.5,5.9,5.8,7,,,,,,,
145,Yes,Female,Some College,Caucasian or White,Did not vote,4,,,,,,,,6.1,2,7,1,1,1,3
161,Yes,Female,Some College,Hispanic or Latino,Hillary Clinton,5.5,1,1,1.1,7,2.1,2.1,3,,,,,,,
106,Yes,Female,Bachelor's Degree,African American or Black,Did not vote,4.1,,,,,,,,1.9,1,1.7,5.9,5,3.1,6.3
215,Yes,Male,Some College,Caucasian or White,Other,4.7,1.1,1.1,1.8,4.1,2.1,2.5,1.9,,,,,,,
241,Yes,Female,High School,Asian,Donald Trump,5.3,3.9,1.7,4.4,3.2,3.9,1.2,5.2,,,,,,,
100,Yes,Female,Bachelor's Degree,Caucasian or White,Hillary Clinton,6.2,,,,,,,,1,1,1,7,7,7,7
603,Yes,Male,Master's Degree,Hispanic or Latino,Donald Trump,7,7,4.8,5.7,6.1,5.2,5.4,6.6,,,,,,,
681,Yes,Male,Master's Degree,Hispanic or Latino,Donald Trump,6,6.1,5.6,5.5,5.6,5.9,5.9,5.8,,,,,,,
231,Yes,Male,Bachelor's Degree,Caucasian or White,Donald Trump,6.2,5.8,4.7,5.8,2.8,2.7,1.9,2.2,,,,,,,
214,Yes,Male,Bachelor's Degree,Hispanic or Latino,Did not vote,2,,,,,,,,1,1,1.1,4,4,4,6.1
255,Yes,Female,High School,Caucasian or White,Donald Trump,6.5,5.7,6.7,6.4,5.8,6.8,6.7,5.8,,,,,,,
249,Yes,Male,High School,Caucasian or White,Other,2.1,,,,,,,,1,1,1.9,1,2.3,1,2.9
245,Yes,Male,Bachelor's Degree,Caucasian or White,Donald Trump,6,,,,,,,,5,5,6,1,1,1,1
78,Yes,Male,Some College,Caucasian or White,Did not vote,3.6,3.2,4.1,3.1,3.4,2.8,4.1,3.2,,,,,,,
202,Yes,Female,High School,Caucasian or White,Donald Trump,6.1,6.9,3.1,4.1,3,2,1.4,4,,,,,,,
970,Yes,Male,Master's Degree,Caucasian or White,Donald Trump,4.7,,,,,,,,3.9,5.4,4,5,4.7,5.2,5.6
240,Yes,Male,Some College,Caucasian or White,Other,2.3,4.2,2.5,4,2.5,5,1,4.1,,,,,,,
205,Yes,Female,Bachelor's Degree,African American or Black,Did not vote,4,1,1,1,7,7,7,7,,,,,,,
56,Yes,Male,Bachelor's Degree,Caucasian or White,Hillary Clinton,2.4,,,,,,,,1,1,1,6.8,6.9,6.8,7
321,Yes,Male,Bachelor's Degree,Caucasian or White,Hillary Clinton,5.4,1,1,1.1,7,7,7,4.1,,,,,,,
500,Yes,Male,Master's Degree,Caucasian or White,Other,3,2,2,1.5,5.5,3,2,6,,,,,,,
236,Yes,Male,Some College,Caucasian or White,Other,6,,,,,,,,1.6,2.1,2.7,2.1,2.1,1.9,5.7
146,Yes,Male,Master's Degree,Caucasian or White,Hillary Clinton,3,1,1,1,5.6,5.9,5.6,5.8,,,,,,,
329,Yes,Female,Some College,Caucasian or White,Hillary Clinton,4,,,,,,,,1,1,2.5,1,2,1,4
170,Yes,Male,Bachelor's Degree,Caucasian or White,Donald Trump,5,,,,,,,,1.9,1.9,1,6,1,3,7
289,Yes,Male,High School,Caucasian or White,Donald Trump,5,5,4,5,3,3,1,4,,,,,,,
113,Yes,Female,Doctoral Degree or Equivalent,Caucasian or White,Did not vote,4.7,,,,,,,,1.1,1.1,1.1,3.1,4,2.3,6.3
140,Yes,Male,Some College,Hispanic or Latino,Hillary Clinton,5,1,1,1,7,7,7,7,,,,,,,
352,Yes,Male,Some College,Caucasian or White,Hillary Clinton,5.8,1.1,1,1,6.6,5.9,5,5,,,,,,,
300,Yes,Female,Some College,Caucasian or White,Hillary Clinton,2,1.5,1,1,7,6,3,6.5,,,,,,,
69,Yes,Female,Bachelor's Degree,Caucasian or White,Did not vote,5,,,,,,,,2,2,1.2,4.9,4.3,3.9,3.6
339,Yes,Female,High School,Caucasian or White,Donald Trump,5.5,,,,,,,,5.9,2,2.5,2,3,1,5
271,Yes,Male,Bachelor's Degree,African American or Black,Hillary Clinton,1.9,2,1.1,5.1,1,1,1,1.1,,,,,,,
264,Yes,Female,Bachelor's Degree,Caucasian or White,Donald Trump,7,,,,,,,,7,6.5,6,1.1,1.1,1.1,1.1
247,Yes,Female,Master's Degree,Caucasian or White,Did not vote,6,,,,,,,,3,1,4,1,2,1,5
457,Yes,Female,Bachelor's Degree,Caucasian or White,Hillary Clinton,5,4.1,1.3,3.1,2.7,1.3,2.7,2,,,,,,,
137,Yes,Female,High School,Caucasian or White,Donald Trump,6.7,,,,,,,,6.8,6.2,6.4,5.7,5.8,6.4,6.9
345,Yes,Female,Bachelor's Degree,Caucasian or White,Hillary Clinton,5,1,1,2,7,1,4,5,,,,,,,
585,Yes,Female,Some College,African American or Black,Hillary Clinton,2.2,,,,,,,,1,1,1,7,5.9,7,7
127,Yes,Male,High School,Caucasian or White,Donald Trump,4,7,7,7,1,1,1,4,,,,,,,
199,Yes,Female,Bachelor's Degree,Caucasian or White,Donald Trump,5.4,,,,,,,,6.7,5.4,7,1,1,1,1
327,Yes,Male,Bachelor's Degree,Caucasian or White,Other,4.5,6,1.5,6,1.1,1.2,1.1,2.9,,,,,,,
263,Yes,Female,Bachelor's Degree,Caucasian or White,Other,5,,,,,,,,1,1,5,2,2,1,5
160,Yes,Male,Doctoral Degree or Equivalent,Caucasian or White,Donald Trump,7,6.5,5,7,1,1,1,1.5,,,,,,,
146,Yes,Female,Some College,Asian,Hillary Clinton,5.1,1.1,1.1,1.2,1.8,5.1,2.9,2.9,,,,,,,
134,Yes,Female,Some College,Caucasian or White,Hillary Clinton,4.4,,,,,,,,1,1,1.1,3.8,1.3,1.1,4.6
201,Yes,Male,Doctoral Degree or Equivalent,Caucasian or White,Hillary Clinton,7,7,4,6.2,1.1,1.1,1.1,4,,,,,,,
156,Yes,Female,High School,Caucasian or White,Donald Trump,6.3,5.8,5.8,4.7,1,1,1,2.9,,,,,,,
137,Yes,Female,Some College,Caucasian or White,Donald Trump,6.6,7,6.1,7,1,1,1,4.1,,,,,,,
506,Yes,Female,Some College,Caucasian or White,Hillary Clinton,3.5,,,,,,,,1,1,4.5,1,1,1,5
209,Yes,Female,High School,Caucasian or White,Other,6.3,4.1,1.2,1.1,2,3.6,1.6,4.2,,,,,,,
72,Yes,Female,Some College,Caucasian or White,Did not vote,6.4,,,,,,,,1.4,1.6,1.7,5.7,5.1,4.1,5.8
351,Yes,Female,Bachelor's Degree,Hispanic or Latino,Hillary Clinton,5.5,,,,,,,,5.5,4.1,4.6,4.9,3.7,3.6,6
150,Yes,Male,Some College,Caucasian or White,Other,4.1,1,1,1,4.9,4.8,5.2,5.6,,,,,,,
213,Yes,Male,Bachelor's Degree,Caucasian or White,Hillary Clinton,5,,,,,,,,4,5,1,1,1,1,4
203,Yes,Male,Doctoral Degree or Equivalent,Caucasian or White,Hillary Clinton,6,,,,,,,,1,1,1,6.3,7,3,4
1444,Yes,Male,Bachelor's Degree,Caucasian or White,Hillary Clinton,5.2,5.2,5.2,5.2,5,5,4.9,5.1,,,,,,,
186,Yes,Female,Bachelor's Degree,Asian,Hillary Clinton,7,2.2,1,2.7,2.3,3.5,1.2,2.5,,,,,,,
143,Yes,Male,High School,African American or Black,Other,6.1,3,3.1,4,4.1,4,4,4,,,,,,,
337,Yes,Male,Bachelor's Degree,Caucasian or White,Hillary Clinton,4.5,2,1,1.4,1,2,4,6,,,,,,,
216,Yes,Female,Bachelor's Degree,Caucasian or White,Hillary Clinton,5.6,1.2,1.2,1.1,6.9,4.5,4.2,5.4,,,,,,,
89,Yes,Male,Master's Degree,Hispanic or Latino,Donald Trump,5.7,,,,,,,,5.8,6.2,5.9,6.4,5.7,5.9,5.3
232,Yes,Female,Master's Degree,Caucasian or White,Hillary Clinton,6.5,,,,,,,,1,1,2,7,6,1,6
219,Yes,Male,Some College,African American or Black,Other,6.5,5.5,1,1,1,1,1,4.5,,,,,,,
172,Yes,Female,Bachelor's Degree,Caucasian or White,Other,3.4,1.1,1.1,1,1.3,2,1.1,5.3,,,,,,,
319,Yes,Female,Bachelor's Degree,Asian,Hillary Clinton,6,,,,,,,,1,1,1,3.5,5.5,4,5.4
266,Yes,Female,Master's Degree,Hispanic or Latino,Donald Trump,4.5,3.8,5.6,4.7,2.9,3.6,5.3,4,,,,,,,
175,Yes,Male,Master's Degree,African American or Black,Hillary Clinton,6.1,,,,,,,,5.8,2.9,6,1.5,1.7,1.6,2.1
552,Yes,Male,High School,Caucasian or White,Did not vote,3,,,,,,,,1,1,1,4,4,2.5,4
332,Yes,Female,Some College,Caucasian or White,Donald Trump,6.2,,,,,,,,7,1,6,1,1,1,5
260,Yes,Male,Master's Degree,Caucasian or White,Hillary Clinton,1,,,,,,,,1,1,1,6,5,2,7
94,Yes,Male,Bachelor's Degree,Hispanic or Latino,Donald Trump,3.9,,,,,,,,5.1,3.7,3.6,4.5,3.7,4.2,5.1
292,Yes,Male,Master's Degree,Caucasian or White,Hillary Clinton,5.7,1,7,1,7,7,4.8,6,,,,,,,
325,Yes,Female,Bachelor's Degree,Asian,Did not vote,6.1,,,,,,,,6,5,6.1,1,1,1,3.5
151,Yes,Female,Bachelor's Degree,African American or Black,Did not vote,3.1,1,3.2,3,1,1,1,4,,,,,,,
209,Yes,Female,Bachelor's Degree,Caucasian or White,Hillary Clinton,2,1,1,1,1,1,1,6,,,,,,,
253,Yes,Female,Bachelor's Degree,Caucasian or White,Hillary Clinton,6.8,,,,,,,,4.1,5.3,6.2,5.7,5.6,6.1,6
243,Yes,Female,Some College,Caucasian or White,Did not vote,2,1,1,3.5,1,1,1,3.5,,,,,,,
263,Yes,Female,Bachelor's Degree,Hispanic or Latino,Other,5.7,1,1,1,7,6.1,6.2,4,,,,,,,
250,Yes,Male,Some College,African American or Black,Hillary Clinton,6,1,1,1,4,3,1,7,,,,,,,
172,Yes,Female,Some College,Caucasian or White,Did not vote,1.1,,,,,,,,1,1,1,5,4.9,4.7,7
186,Yes,Male,Master's Degree,African American or Black,Donald Trump,6,7,2.5,7,1,1,1,2,,,,,,,
223,Yes,Female,Bachelor's Degree,Caucasian or White,Did not vote,4.5,1,1,1,6.1,5.4,3.2,6,,,,,,,
104,Yes,Female,Master's Degree,Caucasian or White,Did not vote,3,,,,,,,,1,1,1,4.9,5.1,5.2,7
126,Yes,Female,Master's Degree,Caucasian or White,Did not vote,5.5,5.5,6,7,1,1,1,4,,,,,,,
112,Yes,Male,Bachelor's Degree,Caucasian or White,Donald Trump,4.1,4.9,2.9,4,3.3,3.2,3.3,4,,,,,,,
346,Yes,Female,Bachelor's Degree,Pacific Islander,Donald Trump,4,1,1,5.3,1,1,1,4.7,,,,,,,
228,Yes,Male,High School,Other,Donald Trump,2.7,,,,,,,,4.9,4.1,5.2,4.1,5,2.3,3.9
516,Yes,Male,High School,Caucasian or White,Donald Trump,6.5,,,,,,,,7,4.5,7,2.5,1,1,5
126,Yes,Male,Bachelor's Degree,Caucasian or White,Did not vote,3,,,,,,,,1,1,1,6.2,6.1,5.3,6.1
580,Yes,Male,Some College,Caucasian or White,Donald Trump,5.2,7,3,7,1,1,1,3.8,,,,,,,
231,Yes,Male,Bachelor's Degree,Caucasian or White,Donald Trump,6.6,,,,,,,,7,7,7,1,1,1,2.7
167,Yes,Female,Some College,Caucasian or White,Donald Trump,6.8,,,,,,,,6.7,6.2,5.5,1,1,1,2
271,Yes,Female,Bachelor's Degree,African American or Black,Did not vote,5.2,7,1.3,7,1,1,1,4,,,,,,,
154,Yes,Male,Some College,Caucasian or White,Hillary Clinton,7,1,1,1,7,7,7,7,,,,,,,
91,Yes,Female,Master's Degree,Caucasian or White,Donald Trump,5.4,,,,,,,,7,5.1,7,1,1,1,4.1
143,Yes,Female,Bachelor's Degree,Caucasian or White,Hillary Clinton,3.3,1,1,6.7,1.6,1.3,1,4.1,,,,,,,
132,Yes,Male,Bachelor's Degree,Caucasian or White,Hillary Clinton,5,2.5,1.5,1.5,2,7,2.1,5,,,,,,,
322,Yes,Male,Bachelor's Degree,Caucasian or White,Hillary Clinton,2,,,,,,,,1,1,1,4,1,1,4
350,Yes,Female,Bachelor's Degree,Caucasian or White,Other,5.1,,,,,,,,1,1,1,4.3,4.3,1,4.6
87,Yes,Male,Bachelor's Degree,Caucasian or White,Hillary Clinton,3.5,1,1,1,6.1,6.1,6.1,6.2,,,,,,,
225,Yes,Male,Some College,Caucasian or White,Other,3.5,,,,,,,,1.5,5,4,4.8,4.5,2.5,5
359,Yes,Male,Bachelor's Degree,Caucasian or White,Other,4.5,,,,,,,,1,1,3.5,5,4.5,2,4
195,Yes,Male,Bachelor's Degree,Caucasian or White,Hillary Clinton,4,1,1,1.1,4.1,5.1,1,5,,,,,,,
339,Yes,Female,Some College,Caucasian or White,Donald Trump,6,3.5,4,5,1,1,2,3,,,,,,,
197,Yes,Female,Bachelor's Degree,Caucasian or White,Donald Trump,5,,,,,,,,4.2,3,1,1,1,1,5.5
199,Yes,Female,Master's Degree,Asian,Hillary Clinton,7,,,,,,,,1,7,1,7,7,7,1
310,Yes,Female,Some College,Caucasian or White,Hillary Clinton,7,,,,,,,,1,1,2.6,4,4.1,4,5.9
268,Yes,Female,High School,Caucasian or White,Did not vote,5.7,1,1,1.1,4.6,6.8,1.3,6,,,,,,,
120,Yes,Female,High School,Caucasian or White,Hillary Clinton,4.9,,,,,,,,1,1,1.1,3.3,4,2,6.7
263,Yes,Female,Bachelor's Degree,Asian,Hillary Clinton,4.9,1.1,1.1,1.2,7,7,7,7,,,,,,,
202,Yes,Male,High School,Caucasian or White,Donald Trump,7,7,7,7,1,1,1,7,,,,,,,
237,Yes,Male,Bachelor's Degree,Caucasian or White,Donald Trump,6.1,,,,,,,,7,7,7,2,2,1,3.5
1454,Yes,Male,Master's Degree,Caucasian or White,Donald Trump,5.6,3.7,5.7,5.2,4.9,4.6,5.4,4.1,,,,,,,
547,Yes,Male,Bachelor's Degree,Caucasian or White,Donald Trump,5,,,,,,,,6,3,4,5,5,3,6
271,Yes,Male,Some College,Caucasian or White,Hillary Clinton,5,2,1,1,7,7,7,6,,,,,,,
252,Yes,Female,Some College,Caucasian or White,Donald Trump,7,,,,,,,,7,4,7,1,1,1,4
198,Yes,Male,Bachelor's Degree,Caucasian or White,Donald Trump,5.4,3.9,5.2,3.2,4.5,3.7,5.3,5.2,,,,,,,
207,Yes,Female,Some College,Caucasian or White,Donald Trump,7,7,1,6.1,1,1,1,6.1,,,,,,,
165,Yes,Female,Master's Degree,Caucasian or White,Hillary Clinton,5,1,1,1,7,6,3,7,,,,,,,
117,Yes,Female,Some College,Caucasian or White,Did not vote,4,,,,,,,,1,1,2,4,3,4,4
612,Yes,Male,Bachelor's Degree,Caucasian or White,Hillary Clinton,3.1,1,1,1,6.3,6.8,6.5,4,,,,,,,
80,Yes,Female,Some College,Caucasian or White,Did not vote,3.8,,,,,,,,4.4,4.1,4.4,3.5,4.5,4.9,4.2
233,Yes,Female,Doctoral Degree or Equivalent,Caucasian or White,Hillary Clinton,2.9,1,1,1.2,4.9,4,4.4,6,,,,,,,
154,Yes,Male,Bachelor's Degree,Caucasian or White,Donald Trump,4,6,4.5,7,1,1,1,5,,,,,,,
166,Yes,Female,Bachelor's Degree,Caucasian or White,Donald Trump,5,7,3,7,1,1,1,6,,,,,,,
280,Yes,Female,Bachelor's Degree,Caucasian or White,Donald Trump,6,,,,,,,,7,5.5,3.5,1.1,1.1,1.1,3.5
213,Yes,Female,Bachelor's Degree,Caucasian or White,Donald Trump,4.4,,,,,,,,5.5,1.9,4.9,1.3,1.9,1.1,4
111,Yes,Female,Bachelor's Degree,Caucasian or White,Hillary Clinton,6.7,,,,,,,,5.6,6.4,6.5,6.4,5.1,6.5,6.5
420,Yes,Male,Doctoral Degree or Equivalent,Hispanic or Latino,Hillary Clinton,1,1,1,1.1,7,7,2.1,6.8,,,,,,,
194,Yes,Female,Master's Degree,Caucasian or White,Hillary Clinton,7,,,,,,,,1,1,1,7,7,7,4
121,Yes,Male,Bachelor's Degree,Caucasian or White,Donald Trump,7,,,,,,,,7,4.1,7,1.1,1.1,1.1,1.9
674,Yes,Male,Some College,Caucasian or White,Donald Trump,4.5,6,4,4,2,2,1.5,4.5,,,,,,,
298,Yes,Female,Bachelor's Degree,Caucasian or White,Hillary Clinton,4,,,,,,,,1,1,4.1,1,2.9,1,5
961,Yes,Female,High School,Caucasian or White,Other,4.8,,,,,,,,3.9,5.7,7,1.1,1.1,1.1,4
177,Yes,Female,Some College,Caucasian or White,Donald Trump,7,7,7,7,1,1,1,4,,,,,,,
250,Yes,Male,Bachelor's Degree,Caucasian or White,Did not vote,5,1,1,1,1,1,1,7,,,,,,,
418,Yes,Female,Some College,Caucasian or White,Did not vote,5,1,1,2,3,1,1,7,,,,,,,
101,Yes,Male,Some College,Caucasian or White,Donald Trump,2.7,1.1,2.2,1.1,3.4,1.4,4,1.1,,,,,,,
199,Yes,Male,Bachelor's Degree,Caucasian or White,Did not vote,5,,,,,,,,4.6,4.6,7,1,1,1,1.8
83,Yes,Male,Bachelor's Degree,Caucasian or White,Donald Trump,5.3,1.7,1.1,1.7,6.3,5.3,5.8,5.9,,,,,,,
128,Yes,Male,Bachelor's Degree,Caucasian or White,Other,6,7,5,7,1,1,1,4,,,,,,,
2348,Yes,Female,Some College,Caucasian or White,Other,4.7,,,,,,,,1.1,1.1,1.2,3.6,3,2.6,6.4
216,Yes,Female,Bachelor's Degree,Caucasian or White,Hillary Clinton,5,1,1,1,7,7,6,7,,,,,,,
141,Yes,Female,Bachelor's Degree,Caucasian or White,Hillary Clinton,7,,,,,,,,1,1,1,7,7,7,7
189,Yes,Female,Some College,Caucasian or White,Donald Trump,5.1,,,,,,,,4.4,3.3,5.4,3.3,4.1,1.3,4.8
248,Yes,Female,Some College,Caucasian or White,Other,6.7,1,1,1,6.1,6.1,6.1,5.1,,,,,,,
147,Yes,Male,Some College,Caucasian or White,Hillary Clinton,5.2,1.4,1.1,7,1,1,1,3.4,,,,,,,
133,Yes,Female,Bachelor's Degree,Caucasian or White,Hillary Clinton,6.2,,,,,,,,1,1,1,7,7,5,7
218,Yes,Male,Some College,Caucasian or White,Other,3,1,1,1.5,4,5,1.5,5,,,,,,,
122,Yes,Male,Bachelor's Degree,Caucasian or White,Donald Trump,6,,,,,,,,4,4,4.1,2.4,1.1,1,4
357,Yes,Female,Some College,Caucasian or White,Donald Trump,6.1,7,4.9,7,1,1,1,3,,,,,,,
152,Yes,Female,Some College,Caucasian or White,Did not vote,7,1,1,1,1,1,1,7,,,,,,,
336,Yes,Male,High School,Caucasian or White,Hillary Clinton,4.9,1.1,1.1,4.1,1.2,5,1.2,4,,,,,,,
117,Yes,Female,Bachelor's Degree,Caucasian or White,Hillary Clinton,4,1,1,3.9,3,1.9,1,5.5,,,,,,,
133,Yes,Male,Bachelor's Degree,Caucasian or White,Donald Trump,3,,,,,,,,3.3,3.2,5,1.1,1.2,1,4.1
263,Yes,Female,Bachelor's Degree,Caucasian or White,Other,6.1,,,,,,,,1,1,4,5.2,5.1,5.2,6.9
193,Yes,Female,Bachelor's Degree,Caucasian or White,Did not vote,7,1,1,1,7,7,7,7,,,,,,,
254,Yes,Female,High School,Caucasian or White,Did not vote,6,,,,,,,,1,1,1,6,6,6,6
162,Yes,Female,Bachelor's Degree,Caucasian or White,Did not vote,1,,,,,,,,1,1,1,7,7,7,1
328,Yes,Female,Some College,Caucasian or White,Did not vote,4.1,,,,,,,,1,1,3,2.2,1,1,6
181,Yes,Male,High School,Caucasian or White,Donald Trump,5,,,,,,,,5,2,2,3,2,1,4
202,Yes,Female,Bachelor's Degree,African American or Black,Hillary Clinton,7,,,,,,,,1,1,1.1,7,4.1,2.5,6.1
390,Yes,Female,Some College,Caucasian or White,Donald Trump,7,,,,,,,,7,7,7,1,1,1,4.9
126,Yes,Female,Bachelor's Degree,Asian,Hillary Clinton,4,1.9,1,2.8,6.4,6.4,3,6.8,,,,,,,
178,Yes,Male,Bachelor's Degree,Caucasian or White,Donald Trump,3.5,3.8,1.9,3.6,2.7,2,1.1,3.8,,,,,,,
121,Yes,Female,Some College,Other,Did not vote,6.7,1.1,1.2,2.7,4.7,5.8,5.6,4.6,,,,,,,
158,Yes,Female,Bachelor's Degree,Caucasian or White,Hillary Clinton,4.5,,,,,,,,1,1,2,1.5,5,2,4
444,Yes,Female,Some College,Caucasian or White,Hillary Clinton,5.5,,,,,,,,3,1,6,1,1,1,6
119,Yes,Female,Bachelor's Degree,Native American or American Indian,Donald Trump,6.1,5.5,6.2,6.5,5.7,6.4,6.2,5.7,,,,,,,
198,Yes,Male,Doctoral Degree or Equivalent,Caucasian or White,Donald Trump,7,,,,,,,,7,7,7,1,1,1,1
243,Yes,Male,Doctoral Degree or Equivalent,Caucasian or White,Other,7,1,1,1,7,7,1,7,,,,,,,
148,Yes,Female,Bachelor's Degree,Hispanic or Latino,Hillary Clinton,6.1,,,,,,,,1,1,1.9,4,1.5,1.1,4
270,Yes,Male,Bachelor's Degree,Asian,Hillary Clinton,4,1,1,1,1.9,1.8,1,5.1,,,,,,,
114,Yes,Male,Some College,Caucasian or White,Other,3,1,1,2,3,3,2.5,4,,,,,,,
288,Yes,Male,Bachelor's Degree,Caucasian or White,Hillary Clinton,4.8,,,,,,,,4.8,1.7,4.4,2.2,5.2,3.1,5.3
1359,Yes,Male,Some College,Caucasian or White,Other,5.9,1,1,1.8,6.2,6.1,3,5.4,,,,,,,
415,Yes,Male,Bachelor's Degree,Caucasian or White,Hillary Clinton,2,1,1,1,7,7,7,7,,,,,,,
130,Yes,Male,Master's Degree,Caucasian or White,Hillary Clinton,2,,,,,,,,1,1,6.2,1.1,1.1,1.1,6.1
175,Yes,Female,Some College,Caucasian or White,Donald Trump,4.7,,,,,,,,5.6,2,3.8,1.5,1.6,1.5,6.2
138,Yes,Male,Bachelor's Degree,Caucasian or White,Hillary Clinton,2.7,1.4,1,1.6,4.9,3.3,5.1,4,,,,,,,
251,Yes,Female,Some College,Caucasian or White,Hillary Clinton,4.9,2,1,3.1,4.4,4.1,3.6,4.4,,,,,,,
244,Yes,Male,Master's Degree,Caucasian or White,Hillary Clinton,5,,,,,,,,1,1,1,3,1,1,6.8
224,Yes,Female,Some College,Caucasian or White,Donald Trump,6.8,,,,,,,,7,6.5,6.8,1,1.1,1,1
169,Yes,Female,Some College,Caucasian or White,Did not vote,6.3,,,,,,,,1,1,3.5,1,1.3,1,3.9
306,Yes,Female,Bachelor's Degree,Caucasian or White,Donald Trump,5.9,,,,,,,,7,2,7,1,1,1,1.1
247,Yes,Male,Bachelor's Degree,Asian,Did not vote,3.9,4.9,5.7,5.9,2,1.9,1.8,1.5,,,,,,,
125,Yes,Female,Bachelor's Degree,Native American or American Indian,Donald Trump,5.3,6.1,5.8,6.4,5.7,5.7,6.2,5.4,,,,,,,
115,Yes,Male,Master's Degree,Caucasian or White,Did not vote,7,1,1,1,6.1,4.1,2,7,,,,,,,
131,Yes,Female,Bachelor's Degree,Caucasian or White,Hillary Clinton,6.2,,,,,,,,1,1,2.2,5.9,3.7,1.8,5.3
117,Yes,Female,Bachelor's Degree,Asian,Donald Trump,3.6,4.8,4.9,5.3,4.7,5.2,4.9,4.8,,,,,,,
135,Yes,Female,Bachelor's Degree,Caucasian or White,Donald Trump,6.1,,,,,,,,7,5,5.2,1.1,1.1,1.1,2.9
133,Yes,Male,Bachelor's Degree,Caucasian or White,Donald Trump,4,,,,,,,,1,1,1,7,5,5,4
256,Yes,Female,Bachelor's Degree,Caucasian or White,Other,4,3,1.5,4,6,3,3,4,,,,,,,
83,Yes,Male,Some College,African American or Black,Hillary Clinton,5.7,3.4,2.4,5.7,2.1,2,2.8,4.6,,,,,,,
69,Yes,Female,Bachelor's Degree,Caucasian or White,Hillary Clinton,4,,,,,,,,4.6,5,3.7,4.8,4.7,5,3.4
259,Yes,Male,Bachelor's Degree,Native American or American Indian,Donald Trump,5.9,,,,,,,,5.5,4.8,5.3,3.3,3.4,3.3,3.5
228,Yes,Female,Some College,Caucasian or White,Hillary Clinton,3,1,1,1,5.2,7,1,7,,,,,,,
260,Yes,Female,Some College,Hispanic or Latino,Hillary Clinton,4,1,1,1,7,7,4,6.5,,,,,,,
150,Yes,Male,Bachelor's Degree,Asian,Did not vote,2.4,1,1,1,3,2.4,2.3,1,,,,,,,
248,Yes,Male,Bachelor's Degree,Caucasian or White,Did not vote,5.6,,,,,,,,1.1,1.1,1.1,3.9,3.9,1.1,6.3
210,Yes,Male,Master's Degree,Caucasian or White,Hillary Clinton,3.2,,,,,,,,1,1,3,3.5,1.4,2.4,4
149,Yes,Male,Some College,Caucasian or White,Hillary Clinton,4.8,,,,,,,,1.2,1.1,1.2,6.7,5.1,4.5,4.8
154,Yes,Male,Bachelor's Degree,Other,Other,4,,,,,,,,1,1,1,2,3,1,4
158,Yes,Female,Bachelor's Degree,Native American or American Indian,Donald Trump,5.3,6.2,6,5.8,6.4,6,6,5.7,,,,,,,
283,Yes,Female,Bachelor's Degree,Caucasian or White,Did not vote,6,,,,,,,,6,6,5,1.3,1.4,1.3,3
258,Yes,Male,Bachelor's Degree,Caucasian or White,Donald Trump,7,,,,,,,,7,2,7,1,1,1,4
249,Yes,Male,Bachelor's Degree,Caucasian or White,Donald Trump,5.3,,,,,,,,4.7,5.5,5,4.3,5.7,2.8,5
268,Yes,Male,Some College,Caucasian or White,Hillary Clinton,3,1,1,2,5,4,4,4,,,,,,,
75,Yes,Male,Some College,Caucasian or White,Hillary Clinton,4.3,,,,,,,,3.7,2.7,4.6,5.7,3.1,4.8,4.8
218,Yes,Male,Bachelor's Degree,Asian,Hillary Clinton,7,1,1,2.9,2.2,3,2.2,4,,,,,,,
220,Yes,Female,Bachelor's Degree,Caucasian or White,Donald Trump,2.9,,,,,,,,4.7,2.6,5.5,1.7,1.8,1.6,2.1
737,Yes,Female,Bachelor's Degree,Caucasian or White,Hillary Clinton,6.4,,,,,,,,6,5.1,1.1,6.3,7,6.7,6.2
161,Yes,Female,Some College,Caucasian or White,Did not vote,2.5,1,1,1,7,6,1,4,,,,,,,
103,Yes,Female,Bachelor's Degree,Native American or American Indian,Donald Trump,6.1,,,,,,,,6,6.6,6.5,6.5,6.4,6.2,6.1
2295,Yes,Female,Master's Degree,Caucasian or White,Donald Trump,3.7,,,,,,,,4.6,4.4,5.4,6.2,4.4,5.9,5
292,Yes,Female,Some College,Asian,Hillary Clinton,6,,,,,,,,1.3,6.5,1.2,6.5,6.5,6,6.7
371,Yes,Male,Bachelor's Degree,Caucasian or White,Donald Trump,7,,,,,,,,7,4.1,6.2,1,1.1,1,5.1
1527,Yes,Female,Bachelor's Degree,Asian,Hillary Clinton,5.7,,,,,,,,1.1,1,1,4.8,5.2,4.3,6
293,Yes,Female,High School,Caucasian or White,Hillary Clinton,7,7,3,4.8,1.6,1.2,1,7,,,,,,,
293,Yes,Male,Bachelor's Degree,Caucasian or White,Donald Trump,5,,,,,,,,7,1,7,1.1,1.1,1.1,4
150,Yes,Male,Master's Degree,Caucasian or White,Donald Trump,5.1,,,,,,,,6.4,4,7,1,1,1,4
506,Yes,Male,Bachelor's Degree,Caucasian or White,Donald Trump,4.9,5.2,3.8,4.9,4,4.2,5.1,5.4,,,,,,,
500,Yes,Female,Some College,Hispanic or Latino,Hillary Clinton,4.2,5.5,2.7,3.7,1,1.2,1.1,3.6,,,,,,,
243,Yes,Female,Bachelor's Degree,Other,Hillary Clinton,4,1,1,1,3,1,2,4,,,,,,,
246,Yes,Female,Some College,Caucasian or White,Donald Trump,2,2,1,1.1,2.2,4,2.9,6.3,,,,,,,
91,Yes,Male,Bachelor's Degree,Caucasian or White,Donald Trump,6,7,7,7,1,1,1,4.1,,,,,,,
527,Yes,Female,Master's Degree,Caucasian or White,Donald Trump,4.1,,,,,,,,4,2,2.9,1.9,5.1,3.9,4.1
165,Yes,Female,Bachelor's Degree,Caucasian or White,Did not vote,2.4,,,,,,,,5.2,4.3,2.4,4.3,4.3,2.1,2.7
174,Yes,Male,High School,Caucasian or White,Other,2.9,3,2.9,3.5,1.4,1.7,1.5,5,,,,,,,
184,Yes,Female,Some College,Caucasian or White,Donald Trump,5.5,,,,,,,,4,1,4,1,1,1,5
119,Yes,Male,Doctoral Degree or Equivalent,Caucasian or White,Donald Trump,3.7,5.9,1.9,4.8,3,2.7,1.1,5.1,,,,,,,
246,Yes,Male,Some College,Asian,Hillary Clinton,5,,,,,,,,6,1,7,1,1,1,6
328,Yes,Male,Master's Degree,Caucasian or White,Hillary Clinton,6,,,,,,,,1,1,1.5,6,5,5,6
220,Yes,Female,Bachelor's Degree,Caucasian or White,Did not vote,6.5,7,5.1,7,1.9,1,1,5,,,,,,,
299,Yes,Female,Bachelor's Degree,Caucasian or White,Donald Trump,5.8,,,,,,,,5.9,5.6,6,4.9,5.4,5.6,5.2
283,Yes,Male,Master's Degree,Hispanic or Latino,Donald Trump,1.9,1.1,1.4,2.2,3.9,3.6,3.1,3.9,,,,,,,
284,Yes,Male,Some College,Caucasian or White,Hillary Clinton,5,6,1,7,1,1,1,4,,,,,,,
193,Yes,Male,Some College,Caucasian or White,Donald Trump,5.2,,,,,,,,5.6,1.6,5.2,1.2,1.1,1.2,4.2
385,Yes,Male,Some College,Caucasian or White,Hillary Clinton,4.5,1,1,2,2,3,1,4,,,,,,,
173,Yes,Female,Bachelor's Degree,Caucasian or White,Other,6.1,,,,,,,,1.1,1.1,1,2.8,1,1,5.4
518,Yes,Male,Doctoral Degree or Equivalent,Caucasian or White,Donald Trump,4,4,4.3,4.1,5.2,6,3.3,4.2,,,,,,,
217,Yes,Male,High School,Caucasian or White,Hillary Clinton,2,,,,,,,,5,1.1,4.4,1.1,1.1,1,1.5
149,Yes,Female,Bachelor's Degree,Caucasian or White,Hillary Clinton,1.3,,,,,,,,1.1,1.1,1.2,5.7,5.6,3.6,5.6
191,Yes,Male,Some College,Caucasian or White,Hillary Clinton,3.9,1,1,1,3.2,1.5,1.3,6.8,,,,,,,
129,Yes,Female,Some College,Caucasian or White,Hillary Clinton,6.5,1,1,1,7,7,7,6.6,,,,,,,
442,Yes,Female,Some College,Caucasian or White,Other,6.1,,,,,,,,1.1,1,1,6.8,6.1,5.9,6.3
237,Yes,Female,Bachelor's Degree,Caucasian or White,Donald Trump,7,,,,,,,,7,1.5,7,1,1,1,3.5
287,Yes,Female,Some College,Caucasian or White,Donald Trump,6.6,6.8,5,6,1,1,1,4,,,,,,,
147,Yes,Female,Some College,Caucasian or White,Donald Trump,7,,,,,,,,7,7,7,1,1,1,1.3
204,Yes,Female,Bachelor's Degree,Caucasian or White,Donald Trump,5,,,,,,,,5.7,3.3,5.8,2.6,3,1,2.9
237,Yes,Male,Master's Degree,Caucasian or White,Donald Trump,6,7,4,7,4.1,1.9,1,4,,,,,,,
102,Yes,Male,Some College,Hispanic or Latino,Donald Trump,7,1.7,2.1,1.3,7,7,7,7,,,,,,,
220,Yes,Male,Master's Degree,Caucasian or White,Other,3.9,1,1,5.7,1,1,1,5.8,,,,,,,
77,Yes,Male,Bachelor's Degree,Caucasian or White,Hillary Clinton,7,4.6,4.2,4.7,3.6,2.6,4.2,3.7,,,,,,,
210,Yes,Male,Some College,Caucasian or White,Hillary Clinton,1.2,,,,,,,,5.2,3.1,2,5.4,5.8,2,3.5
143,Yes,Male,Some College,Caucasian or White,Did not vote,5.1,4.6,3.7,6,1,1,1,2,,,,,,,
135,Yes,Male,Bachelor's Degree,Caucasian or White,Donald Trump,7,,,,,,,,7,7,7,1,1,1,1.1
83,Yes,Male,Bachelor's Degree,Caucasian or White,Hillary Clinton,6.1,1,2.4,5.1,4.2,5.2,4.7,3,,,,,,,
261,Yes,Male,Some College,Caucasian or White,Donald Trump,5,5,2,2,1,1,1,3,,,,,,,
195,Yes,Female,Bachelor's Degree,Asian,Hillary Clinton,6,1,1.5,1.9,4,4,4,6.1,,,,,,,
396,Yes,Male,Bachelor's Degree,Caucasian or White,Did not vote,1.5,1,1,1.1,6.2,6.1,6.1,6,,,,,,,
323,Yes,Male,Master's Degree,Caucasian or White,Donald Trump,5.1,1,1,1,5.2,5.4,4.8,6.1,,,,,,,
179,Yes,Female,Some College,Caucasian or White,Donald Trump,6.1,,,,,,,,7,5.2,7,1,1,1,2
287,Yes,Male,Some College,Caucasian or White,Donald Trump,6,6.1,6.1,5.1,1,1,1,3,,,,,,,
300,Yes,Male,Bachelor's Degree,Caucasian or White,Other,4,3,1,2,1,1,1,6,,,,,,,
277,Yes,Female,Some College,Caucasian or White,Hillary Clinton,6.2,,,,,,,,1,1,1,5.8,5.8,1,6.8
78,Yes,Male,Bachelor's Degree,Caucasian or White,Hillary Clinton,5,,,,,,,,1.1,1.2,1.1,4.9,5.1,3.7,3.9
124,Yes,Male,High School,African American or Black,Hillary Clinton,4.6,,,,,,,,4.5,5.3,3.8,5.8,3.8,5.4,5.1
165,Yes,Male,Some College,Native American or American Indian,Donald Trump,7,7,7,7,1,1,1,1,,,,,,,
396,Yes,Female,Bachelor's Degree,Caucasian or White,Did not vote,5.1,,,,,,,,4,2,5,1.5,1.5,1.2,4
404,Yes,Male,High School,Caucasian or White,Did not vote,1,1,1,1,1,1,1,4,,,,,,,
83,Yes,Female,Doctoral Degree or Equivalent,Caucasian or White,Donald Trump,4.1,,,,,,,,3.4,3.5,4.1,4.2,3.9,4,3.7
233,Yes,Female,Some College,African American or Black,Donald Trump,7,,,,,,,,7,1.8,3.9,1.1,1.1,1.1,1.2
171,Yes,Female,Bachelor's Degree,Caucasian or White,Donald Trump,6.3,7,4,5.2,1,1,1,4,,,,,,,
184,Yes,Female,Some College,Caucasian or White,Hillary Clinton,6.1,1.2,1.2,1.2,6,6,1.2,7,,,,,,,
97,Yes,Male,Some College,Caucasian or White,Hillary Clinton,3.7,1.9,1.4,3.2,4,3.3,5.2,5.5,,,,,,,
346,Yes,Female,Some College,Caucasian or White,Donald Trump,7,,,,,,,,7,5,7,1,1,1,4
701,Yes,Female,Bachelor's Degree,Asian,Did not vote,4,1,1,2,7,7,7,4,,,,,,,
301,Yes,Female,Some College,African American or Black,Did not vote,1.9,,,,,,,,4,1,4,1,1,1,4
109,Yes,Female,Bachelor's Degree,Caucasian or White,Donald Trump,6,7,3.9,7,1,1,1,1,,,,,,,
257,Yes,Female,Bachelor's Degree,Caucasian or White,Hillary Clinton,5.6,1,1,1.1,4,4,2.5,6,,,,,,,
160,Yes,Male,Bachelor's Degree,African American or Black,Hillary Clinton,6.2,,,,,,,,1,1,2.4,3.7,4.2,4.1,5
149,Yes,Male,Bachelor's Degree,Hispanic or Latino,Other,1,,,,,,,,1,1,1,7,7,7,4
168,Yes,Male,Some College,Caucasian or White,Donald Trump,5.9,6.3,4.6,7,1,1.4,1,3.7,,,,,,,
139,Yes,Male,Some College,Caucasian or White,Hillary Clinton,1.9,1.1,1.1,4.1,4,3.9,3.9,4,,,,,,,
430,Yes,Male,High School,African American or Black,Donald Trump,4,6,2.1,2,1.1,2,1.1,3.9,,,,,,,
90,Yes,Female,Bachelor's Degree,Asian,Other,4,,,,,,,,1,1,3,4,5,1,4
162,Yes,Female,Some College,Caucasian or White,Donald Trump,7,1.1,1.1,3,1.1,1.1,1.1,5.8,,,,,,,
84,Yes,Male,Bachelor's Degree,Caucasian or White,Hillary Clinton,7,,,,,,,,1,1,1,7,7,7,7
150,Yes,Female,Bachelor's Degree,Caucasian or White,Other,3.1,,,,,,,,1.1,2.6,3,6,4.9,2.2,4.9
433,Yes,Male,Bachelor's Degree,Caucasian or White,Did not vote,1,,,,,,,,7,7,7,1,1,1,1
227,Yes,Female,Bachelor's Degree,Caucasian or White,Donald Trump,5.6,,,,,,,,7,4.5,2.1,6.1,4.4,1.7,5
250,Yes,Male,Bachelor's Degree,Caucasian or White,Other,4,,,,,,,,5,3,4.5,2,3,1,6
254,Yes,Male,Bachelor's Degree,Caucasian or White,Other,7,,,,,,,,4.8,7,7,1,1,1,1.9
213,Yes,Female,Some College,Caucasian or White,Hillary Clinton,2.7,,,,,,,,1,1,1,3,5,3,4
218,Yes,Female,High School,Caucasian or White,Hillary Clinton,5.1,1.1,1.9,3.4,5.9,5.6,5.9,4,,,,,,,
170,Yes,Male,Bachelor's Degree,Caucasian or White,Other,4.6,1.5,1,5.4,2,2.5,4,5.5,,,,,,,
220,Yes,Female,Some College,African American or Black,Hillary Clinton,7,3.5,2.9,6.3,2.1,3.2,2.4,4.1,,,,,,,
243,Yes,Female,Some College,African American or Black,Hillary Clinton,5.8,1,1,1,7,6.6,1,6.8,,,,,,,
239,Yes,Female,Some College,Caucasian or White,Donald Trump,6.1,,,,,,,,7,7,5.1,1,1,1,6.1
222,Yes,Male,Bachelor's Degree,Asian,Hillary Clinton,4.4,,,,,,,,1.6,2.3,4.2,1,3.1,1,4.1
211,Yes,Female,High School,Caucasian or White,Did not vote,4.6,7,1.3,7,1,1,1,3.7,,,,,,,
152,Yes,Female,Bachelor's Degree,Caucasian or White,Hillary Clinton,4.4,,,,,,,,2.7,4.1,3.4,2.5,3.2,1.5,3.5
176,Yes,Male,Bachelor's Degree,Asian,Hillary Clinton,5.2,7,5.8,6.4,2,2.9,1.9,2.9,,,,,,,
399,Yes,Male,Bachelor's Degree,Caucasian or White,Did not vote,2,1,7,7,1,1,1,5,,,,,,,
137,Yes,Male,Some College,Other,Donald Trump,7,7,1,7,1,1,1,4.3,,,,,,,
167,Yes,Male,Master's Degree,Asian,Did not vote,7,7,1,5.3,1,1,1,4,,,,,,,
230,Yes,Female,Bachelor's Degree,Other,Hillary Clinton,6.8,1,1,1,7,7,7,4,,,,,,,
108,Yes,Female,Master's Degree,Caucasian or White,Hillary Clinton,5.7,1,1,1,5.9,6.1,6,6.1,,,,,,,
181,Yes,Female,Bachelor's Degree,Caucasian or White,Donald Trump,5.1,,,,,,,,5,2,5.1,1.9,1.9,1.9,1.9
130,Yes,Female,Some College,Caucasian or White,Hillary Clinton,4.8,,,,,,,,1,1,1,5.2,5.4,6,4
358,Yes,Female,Some College,Caucasian or White,Hillary Clinton,5.1,,,,,,,,1.2,1,6.5,1,1,1,5.1
484,Yes,Female,Some College,Caucasian or White,Did not vote,6.2,2,1,1,2,2,2,5,,,,,,,
128,Yes,Female,Some College,African American or Black,Hillary Clinton,4,1,1,3.9,1,1,1,5.9,,,,,,,
102,Yes,Female,Some College,Caucasian or White,Other,5.2,1.9,1,3.5,4.3,1.8,1.1,5.9,,,,,,,
409,Yes,Female,Bachelor's Degree,Caucasian or White,Hillary Clinton,4,,,,,,,,2.1,1.1,1.2,5.6,3,1.9,6
773,Yes,Male,Some College,African American or Black,Did not vote,2,,,,,,,,3.5,2,1,2.2,1,1,3.5
133,Yes,Female,Bachelor's Degree,Caucasian or White,Did not vote,6,,,,,,,,1,1,1,7,7,6,4
279,Yes,Female,High School,Caucasian or White,Did not vote,5.1,1.5,1,1.3,5.8,5.8,3.4,6.1,,,,,,,
239,Yes,Male,Bachelor's Degree,Asian,Did not vote,5.7,1,1,4,1.9,4,1.8,4,,,,,,,
59,Yes,Male,Master's Degree,Caucasian or White,Hillary Clinton,4.5,1.5,1.5,5.1,5.3,5.6,4.7,3.9,,,,,,,
176,Yes,Male,Bachelor's Degree,Caucasian or White,Hillary Clinton,4,,,,,,,,7,4,1,7,7,7,7
384,Yes,Female,Master's Degree,Caucasian or White,Donald Trump,7,,,,,,,,6.9,7,5.7,5.8,5.7,5.9,5.4
102,Yes,Male,Bachelor's Degree,Caucasian or White,Hillary Clinton,5,1,1,2,5,5,3,4,,,,,,,
86,Yes,Male,Bachelor's Degree,Caucasian or White,Hillary Clinton,1.9,,,,,,,,1,1,1.1,4.1,2.5,7,7
207,Yes,Female,Some College,Caucasian or White,Donald Trump,7,7,2,7,1,1.1,1.1,4.4,,,,,,,
182,Yes,Male,Bachelor's Degree,Hispanic or Latino,Donald Trump,7,7,7,6.8,1.1,1.1,1.1,4.1,,,,,,,
163,Yes,Female,High School,Caucasian or White,Hillary Clinton,7,1,1,1,7,7,7,7,,,,,,,
3816,Yes,Female,Bachelor's Degree,Native American or American Indian,Hillary Clinton,6.6,6,6.1,6.5,6.1,6.2,6.9,5.9,,,,,,,
272,Yes,Female,Bachelor's Degree,Caucasian or White,Other,5.8,,,,,,,,3.7,1,5.7,1.9,1.6,1.1,3.7
191,Yes,Male,Bachelor's Degree,Caucasian or White,Hillary Clinton,4.5,2,1,1,6.8,5.1,6.6,4,,,,,,,
188,Yes,Female,Doctoral Degree or Equivalent,African American or Black,Hillary Clinton,5.8,,,,,,,,1.1,1.1,1,2.9,6.2,2.3,6.1
469,Yes,Female,Some College,Caucasian or White,Did not vote,4,,,,,,,,1,1,1.9,5,5,3,6.1
272,Yes,Male,Doctoral Degree or Equivalent,Caucasian or White,Donald Trump,4,,,,,,,,4.8,3.6,4.8,3.6,3.3,4.5,4.6
162,Yes,Female,High School,Caucasian or White,Donald Trump,7,,,,,,,,7,7,7,1,1,1,4.8
196,Yes,Female,Bachelor's Degree,Asian,Donald Trump,4.1,,,,,,,,4.1,1.3,6,1.7,1.9,1.8,1.9
257,Yes,Female,Some College,Caucasian or White,Did not vote,7,7,3,1,1,3,2,5,,,,,,,
164,Yes,Male,Bachelor's Degree,Caucasian or White,Donald Trump,2.3,4.1,3.8,2.9,1.2,1.1,1.1,5.4,,,,,,,
78,Yes,Male,Bachelor's Degree,Caucasian or White,Hillary Clinton,5.3,2.7,5.6,6,5.1,2.9,4.1,3.6,,,,,,,
163,Yes,Female,Bachelor's Degree,Asian,Hillary Clinton,5,,,,,,,,3.3,1.8,4,5.3,5.2,2.7,4.2
1142,Yes,Male,Bachelor's Degree,Caucasian or White,Hillary Clinton,2.7,1.8,6,2.4,2.6,1.8,6.1,2.1,,,,,,,
657,Yes,Male,Bachelor's Degree,Caucasian or White,Hillary Clinton,6,,,,,,,,1,1,1,6,5,4.5,6
285,Yes,Female,Some College,Caucasian or White,Did not vote,4.1,1.9,1.1,2.1,1.5,1.5,1.4,4.1,,,,,,,
378,Yes,Female,Some College,Caucasian or White,Donald Trump,5.6,7,4.2,6.7,2.1,1.1,1.1,2.1,,,,,,,
171,Yes,Female,Bachelor's Degree,Asian,Hillary Clinton,5,1,1,1,1,2,1,4,,,,,,,
244,Yes,Female,Some College,Other,Did not vote,1,1,1,1,7,4,4,4,,,,,,,
153,Yes,Male,Some College,Caucasian or White,Donald Trump,4.5,,,,,,,,3.6,4.1,5.6,1.3,1.4,1.1,2.5
274,Yes,Female,Bachelor's Degree,Caucasian or White,Hillary Clinton,7,,,,,,,,1,1,1,5,4.5,5,6
4622,Yes,Male,High School,Caucasian or White,Donald Trump,5,,,,,,,,4.5,4.6,3.5,1,2,1,3.5
80,Yes,Male,Bachelor's Degree,Caucasian or White,Donald Trump,5.2,,,,,,,,7,7,7,1,1,1,1
65,Yes,Female,Some College,Caucasian or White,Donald Trump,4.7,,,,,,,,5,3.6,2.3,6.1,6.3,2.4,6
146,Yes,Female,Master's Degree,Native American or American Indian,Donald Trump,4.6,7,2.5,7,1,1,1,1,,,,,,,
196,Yes,Male,Some College,Asian,Hillary Clinton,7,,,,,,,,1,1,1,3.8,3.7,3.9,6.2
124,Yes,Female,Bachelor's Degree,Caucasian or White,Other,1,1,1,1,7,4.5,4,7,,,,,,,
101,Yes,Female,Master's Degree,Caucasian or White,Hillary Clinton,4.1,,,,,,,,1,1,1.6,4.9,4.4,4.4,4.4
216,Yes,Male,Bachelor's Degree,Caucasian or White,Did not vote,5,,,,,,,,7,4,3,1,1,1,3.6
290,Yes,Male,Bachelor's Degree,Caucasian or White,Did not vote,7,7,7,7,1,1,1,2,,,,,,,
136,Yes,Female,Bachelor's Degree,Caucasian or White,Donald Trump,7,6.5,6.5,6.6,6.8,6.5,4.6,7,,,,,,,
440,Yes,Female,Some College,Caucasian or White,Hillary Clinton,1.8,,,,,,,,1,1,3.2,2.3,3.3,3.1,2.1
287,Yes,Male,High School,African American or Black,Hillary Clinton,4.2,4.1,5.5,2.9,4.9,2.9,5.4,3.6,,,,,,,
126,Yes,Female,Some College,Caucasian or White,Hillary Clinton,4.9,,,,,,,,1,1,1,7,1.1,6.1,6.5
1932,Yes,Female,Master's Degree,Caucasian or White,Did not vote,1,6,6,7,1,1,1,1,,,,,,,
249,Yes,Female,Some College,Caucasian or White,Did not vote,5,,,,,,,,2.9,7,7,1,1,1,1
109,Yes,Male,Some College,Asian,Did not vote,4,1,1,1,7,7,7,6,,,,,,,
95,Yes,Male,Bachelor's Degree,Caucasian or White,Donald Trump,5.1,1.6,1.6,2.7,3.6,3.5,3.6,6.1,,,,,,,
185,Yes,Male,Bachelor's Degree,Caucasian or White,Other,7,1,1,1,7,7,7,7,,,,,,,
668,Yes,Female,High School,Other,Did not vote,5.1,1,1,5.2,1,1,1,4,,,,,,,
4953,Yes,Male,Bachelor's Degree,Native American or American Indian,Hillary Clinton,6,,,,,,,,6.2,6,6.3,5.6,5.6,5.6,6.2
167,Yes,Female,Bachelor's Degree,Caucasian or White,Hillary Clinton,6.1,,,,,,,,1,1,1.7,7,7,3.7,7
168,Yes,Male,Bachelor's Degree,Asian,Donald Trump,3.6,5.1,3.1,4,3.1,4,3.7,4,,,,,,,
305,Yes,Male,Some College,Caucasian or White,Donald Trump,6.3,,,,,,,,5.9,3.2,6.3,1,1,1,5.8
171,Yes,Male,Doctoral Degree or Equivalent,Hispanic or Latino,Hillary Clinton,6.1,1.1,1.1,1.1,5,5.2,5,6.2,,,,,,,
189,Yes,Female,Doctoral Degree or Equivalent,Caucasian or White,Hillary Clinton,3.5,,,,,,,,1,1,1,6,5.5,5,6
122,Yes,Male,High School,Caucasian or White,Hillary Clinton,3.4,,,,,,,,1.5,1.6,2.1,5.2,4.3,4.2,6
214,Yes,Male,Master's Degree,Caucasian or White,Donald Trump,4.2,,,,,,,,3.9,4.2,4.4,4.3,3.3,4.4,2.8
263,Yes,Female,Some College,Caucasian or White,Donald Trump,7,7,5,7,1,1,1,3,,,,,,,
138,Yes,Female,Some College,Caucasian or White,Donald Trump,4.8,,,,,,,,7,3.8,6.7,1,1,1.1,3.4
212,Yes,Female,Master's Degree,Caucasian or White,Other,4.1,,,,,,,,2,1,4,6.3,5.1,1.6,7
189,Yes,Male,Bachelor's Degree,Caucasian or White,Donald Trump,6.1,3,6,3.5,1,1,1,4,,,,,,,
207,Yes,Female,Some College,African American or Black,Did not vote,7,,,,,,,,1,1,1,7,7,1,7
439,Yes,Male,Doctoral Degree or Equivalent,Caucasian or White,Donald Trump,5.1,,,,,,,,6.8,5.9,6.1,5.1,5.2,5.4,6.5
125,Yes,Female,Some College,Hispanic or Latino,Hillary Clinton,4.9,1.1,1.1,1.1,1.1,2.7,1.1,3.2,,,,,,,
221,Yes,Male,Bachelor's Degree,Caucasian or White,Other,4,2,3,5,1.1,1.1,1.1,4,,,,,,,
257,Yes,Female,High School,Caucasian or White,Hillary Clinton,4,,,,,,,,1.5,1.1,1.1,4.5,4.5,4.5,5.5
70,Yes,Male,Some College,Caucasian or White,Other,4.8,4.2,4.5,4.4,4.2,4.6,4.6,4.1,,,,,,,
94,Yes,Female,Bachelor's Degree,Caucasian or White,Donald Trump,6.1,,,,,,,,6,5.5,5.5,5.5,4.9,6.2,6.1
224,Yes,Male,Bachelor's Degree,Caucasian or White,Other,3,1,2,2,3,2.3,1,4,,,,,,,
317,Yes,Male,Bachelor's Degree,Caucasian or White,Donald Trump,3,3,2,3.1,1.5,1.5,1.5,4,,,,,,,
1662,Yes,Female,Bachelor's Degree,Hispanic or Latino,Donald Trump,5.2,,,,,,,,5.4,5.9,5,1.4,1.7,1.1,3.6
189,Yes,Male,Bachelor's Degree,African American or Black,Donald Trump,7,7,1,7,1,1,1,7,,,,,,,
156,Yes,Male,Bachelor's Degree,Caucasian or White,Other,2.5,4,5,4,1.5,3,1.2,5.6,,,,,,,
274,Yes,Female,Some College,Caucasian or White,Donald Trump,5.1,,,,,,,,4,4,5.1,2,2.5,1,4
179,Yes,Female,Master's Degree,Caucasian or White,Hillary Clinton,7,,,,,,,,4.3,1,7,2.5,1.2,1,1.9
166,Yes,Female,Some College,Caucasian or White,Did not vote,5,,,,,,,,4,3,3,1,1,1,4
141,Yes,Male,Bachelor's Degree,Hispanic or Latino,Hillary Clinton,5.5,1,1,1.6,5.8,5.6,3.4,5,,,,,,,
246,Yes,Male,Some College,Caucasian or White,Other,7,1,1,1,6,6,3,7,,,,,,,
242,Yes,Female,Master's Degree,Caucasian or White,Hillary Clinton,6,1,1,1,6,6,5.5,4,,,,,,,
249,Yes,Female,Master's Degree,Caucasian or White,Donald Trump,6.5,7,1,7,1,1,1,4,,,,,,,
315,Yes,Female,Bachelor's Degree,Caucasian or White,Donald Trump,7,7,7,7,1,1,1,4,,,,,,,
348,Yes,Male,Bachelor's Degree,Caucasian or White,Hillary Clinton,3,,,,,,,,2.2,1,3,5.3,4,4.6,3.4
549,Yes,Male,Some College,Caucasian or White,Hillary Clinton,7,,,,,,,,7,3.9,5.2,1.1,1.4,1.1,4.4
246,Yes,Female,Master's Degree,Caucasian or White,Hillary Clinton,5.2,1.1,1.1,1.1,4.1,4,3.5,6.4,,,,,,,
628,Yes,Female,Some College,Caucasian or White,Hillary Clinton,7,,,,,,,,1,1,7,1,1,1,6
564,Yes,Female,Master's Degree,Caucasian or White,Hillary Clinton,7,,,,,,,,1.1,1.1,1.7,6.2,6.6,4.7,5.2
105,Yes,Female,Bachelor's Degree,Caucasian or White,Donald Trump,5.1,,,,,,,,4.9,6.1,5.7,5.4,4.3,6,4.4
285,Yes,Male,Some College,Caucasian or White,Did not vote,7,7,1,7,1,1,1,7,,,,,,,
1412,Yes,Male,Master's Degree,Caucasian or White,Hillary Clinton,3,,,,,,,,2,1,4,3,4,2,6
1538,Yes,Male,Bachelor's Degree,Caucasian or White,Donald Trump,5.2,4.9,2.5,5.6,5.5,4.4,5.7,5.1,,,,,,,
173,Yes,Male,Some College,African American or Black,Hillary Clinton,7,1,1,6.1,4,1.9,1.9,6,,,,,,,
225,Yes,Female,Bachelor's Degree,Caucasian or White,Donald Trump,5.1,,,,,,,,7,1.4,6.1,1,4,1,4
176,Yes,Female,Some College,Caucasian or White,Hillary Clinton,6.1,,,,,,,,1,1,1,7,7,7,7
289,Yes,Female,Bachelor's Degree,Caucasian or White,Hillary Clinton,5,1,1,3,1,3,1,4,,,,,,,
161,Yes,Female,Bachelor's Degree,Caucasian or White,Donald Trump,6.8,7,2.3,7,1,1,1,5,,,,,,,
1640,Yes,Male,Bachelor's Degree,Caucasian or White,Hillary Clinton,5,,,,,,,,1.8,1.8,4,3.1,3,1,6.9
520,Yes,Female,Doctoral Degree or Equivalent,African American or Black,Hillary Clinton,4,,,,,,,,1,1,4,4,1,4,4
130,Yes,Female,Master's Degree,Asian,Donald Trump,4.1,2.5,1.4,3,3,2,1.8,6.1,,,,,,,
283,Yes,Female,Some College,Hispanic or Latino,Hillary Clinton,3.5,,,,,,,,1,1,4,3,6,1,4
513,Yes,Male,Doctoral Degree or Equivalent,Caucasian or White,Donald Trump,5.8,,,,,,,,4.8,3.7,6.9,5.9,4.6,4.5,6.5
466,Yes,Female,Some College,African American or Black,Did not vote,5,6,3,2,6,6,5,6,,,,,,,
134,Yes,Male,Some College,Caucasian or White,Hillary Clinton,5,1,1,1,5,5,5,5,,,,,,,
364,Yes,Male,Bachelor's Degree,African American or Black,Did not vote,1.5,2,1,1,2,2,1,4,,,,,,,
399,Yes,Female,Some College,Caucasian or White,Donald Trump,5.8,,,,,,,,6,3.5,5.5,1.9,1.5,1.2,3.5